"PA1","PA2","PA3","PA4"
0.814269964274356,0.180754622149544,-0.0362147976026603,-0.552485403903767
0.50843506114192,0.0319009972766085,-0.220723448589911,-0.465223001576034
0.551127022442514,0.112794966014276,-0.107273827330581,-0.367035299120857
0.497222041883749,0.075805397030384,-0.315127689087816,-0.55828216692263
0.377455690108721,0.0187651026681991,-0.26997309906863,-0.401772122501229
0.346493029065552,-0.098737178628718,-0.240908315314899,-0.500772380462986
-0.0594391362935812,-0.0134706609823542,-0.215889275523024,-0.235963620698158
-0.795934765224063,-0.167135818449184,0.454808212498504,0.756105098375296
0.0359911939451755,-0.11821561326009,-0.264916160874245,-0.909607047421191
0.00436386885433044,-0.220489814278304,-0.163906251478251,0.322965259529802
1.3640784440349,0.473054570216939,0.119754133299482,-1.16825113288395
-0.200867466369001,-0.398393791506907,-0.126770854075732,0.125078194423789
0.699131211816034,0.0863504005053694,0.047710553541614,-0.431970867677179
0.827262269171152,0.114688878719544,-0.0698636053900866,-0.779393253673327
0.361361572190127,-0.0682066586400781,0.084718278321145,-0.298765980435669
0.362337721253563,0.00586123218277105,-0.115551663259417,-0.180427311509051
0.372705861547134,-0.113670784265123,0.178641893113683,-0.495745272362539
0.255639680832104,0.0269496910609427,-0.181631391826564,-0.322998482490678
0.497222041883749,0.075805397030384,-0.315127689087816,-0.55828216692263
-0.035368854058463,-0.411709325549836,-0.276488183299372,0.0556477322632158
0.703897541558409,0.096166079372029,-0.0865372421865893,-0.589445228669984
0.42708282080167,0.024575973728786,-0.265643183848428,-0.437297746315206
0.275837389135056,0.259451232824598,0.522671873173124,0.562552296574002
0.404846406720366,-0.301720495986045,0.000772189308025321,-0.459454611954871
-0.227037435111384,-0.107695288013152,-0.339943389449965,-0.0998318345973607
0.90435832801028,0.258088108471097,0.0485009474686207,-0.914866068265538
0.614453353460841,0.127086710090023,-0.229988160497112,-0.622457086048683
-0.478590592132022,-0.15242422607157,-0.216865470125569,0.124055214839995
0.371135715935356,0.0016857434193623,-0.153538676773107,-0.414083428384272
0.268276389171505,0.0279851547534267,-0.00454091408743194,-0.251013606818889
-0.302238346750891,-0.221734055586575,-0.131510331710385,0.0218787268169218
0.479898097698705,0.541086470630084,0.73055889117788,-0.0142625491904422
0.43945986207963,0.0703087562420685,-0.30700259210683,-0.601721022069494
1.22868555598503,0.493093866879122,0.480945560866802,-0.359528871914101
0.757534617849085,0.117505365176792,-0.0479871383277781,-0.703655133017487
0.543316788885788,0.0616943932131681,-0.291463430511184,-0.757444073943448
-0.876480327234529,0.877974760264748,0.514799073967255,0.487700907090407
0.282018878325231,0.0537145677212203,-0.267050888977619,-0.901715805521167
0.85718128601288,0.363785667532126,0.436200083544338,-0.256082386210924
0.53272550092573,-0.14844124754874,0.0981745955753293,0.185042990096
0.985806695975763,0.294656748396265,0.176580964055974,-0.552743637158494
0.529683841974168,-0.129640118123403,-0.309949345186218,-0.853047480959821
0.784219863436033,-0.38329757892441,0.406874505406343,-1.95807266440454
0.260781769364221,-0.146558668157324,-0.0409347583480589,-1.85433232787433
0.479515773839117,0.000964782428089622,-0.104021947822801,-0.311137508273905
0.611215074342962,0.127319647651299,-0.228339817619871,-0.621065777942065
0.988642980017587,0.468877595404271,0.688612355497095,-0.216884962830118
0.535095586607725,0.129119979316905,-0.212567547067507,-0.47555001659645
0.660183129974074,0.238944947595786,0.0580607282165459,-0.517021164382068
0.497222041883749,0.075805397030384,-0.315127689087816,-0.55828216692263
0.224243453774827,-0.284577162474374,-0.635401504677974,0.240979412896537
0.0143431001368521,0.00458336686892717,-0.423647762933642,-0.280890254734667
0.497222041883749,0.075805397030384,-0.315127689087816,-0.55828216692263
0.328364875084292,0.0334580261074794,-0.291345314609913,-0.45736388187916
0.497222041883749,0.075805397030384,-0.315127689087816,-0.55828216692263
0.442698359915037,0.0826785550821605,0.320137055355972,-0.247531310676452
0.497222041883749,0.075805397030384,-0.315127689087816,-0.55828216692263
-0.13986725516024,0.120306277693468,-0.843154304494681,-1.16022339844858
0.168891699176706,0.890475564985903,-0.278435619974575,0.16011580181757
-0.477445471416357,-0.349749878968638,-0.129381304195278,0.266751987014691
0.12000688841602,-0.0424010106138504,-0.422297128824369,-0.325399266347754
-0.0257073072983772,-0.129519559150313,0.279621368953162,0.316725891325326
1.06673956322395,0.154771633883581,0.785659859940985,-0.420615726130307
0.0407788659852599,-0.237244360994972,1.2761616909322,1.13194684211346
-0.301958357850789,-0.203883285832953,0.181405835685285,0.619153630445588
0.117434058897158,-0.465448080244813,-0.0948275380894707,0.128671542149642
0.0961067960423337,-0.501829965769393,-0.0427774696391674,-0.0952605792859096
0.206975111778409,0.00397098559546781,0.258236649148041,0.183645233508683
-1.13620646475673,-0.453040753481918,-0.786263793772532,0.922554087033845
1.71843899966017,-1.85069029193426,0.85791326738515,0.715402475395254
-1.68259793367719,1.55393603125968,0.024270484752858,1.45949844307317
0.497222041883749,0.075805397030384,-0.315127689087816,-0.55828216692263
0.161344111241714,-0.202782965600742,0.549970561860831,0.377919753777438
-0.666406406080827,0.276630515963892,-0.267459011222968,-0.629137017934309
0.540299086499802,0.142297817995054,0.136458693208968,-0.462142774480824
-0.311545606117389,-0.426489517078765,-0.301761515244886,-0.0124547133561773
1.03841558051834,0.186188615556236,2.58783115266753,0.104762241466002
0.497222041883749,0.075805397030384,-0.315127689087816,-0.55828216692263
-0.398723689069403,0.0303920347740283,0.226733084594408,0.227539418119404
1.00925153388331,0.631030560653998,0.715924363237396,0.435829547569211
-0.692903249627604,-0.311103147458632,-0.850976372180745,0.30769676803328
0.875189688690127,0.569660708842383,0.0411783792787881,-0.347826652109168
0.285623694638547,0.0035548200013747,0.193778726849696,-0.12293471269572
-0.363711829488115,-0.396971283629612,-0.443328876520961,-0.245945687517315
1.01372051244482,-0.209744258350352,0.769873906544968,-0.0494148897012673
0.307613671231154,0.0349850631371468,0.0444783129179217,-0.442831213566878
0.748253771748475,0.122954854143897,0.600260269800082,-0.176681489445779
-0.253480714970924,-0.0296657249962804,0.202207282896868,-0.272437733618397
-1.52624455893572,-0.956788701076392,1.27182679294782,-2.43508165663435
0.246979964060419,0.0492714443708361,-0.26395961374118,-0.747571058904613
1.25234212302978,-0.221229284943844,1.07305675859904,-0.0179053476160936
0.223143389772902,0.0876378225151941,-0.198501824499109,-0.270282532789962
0.327974859764895,0.0385846008353654,0.0991871751136166,-0.104895227082021
0.246152352052847,0.0539373817106359,-0.0944813405704474,-0.452278142453201
-0.826746820511651,1.04751628828763,0.0163543431301646,-0.48087095381919
0.437631099318114,0.110719930422175,0.137107018593709,-0.416931741136685
-1.39095046494167,0.438659286303164,0.26002137089146,0.703005513901002
0.260445072457853,-0.0167213923564722,-0.0772667260983799,-0.375792720980595
-0.260499342697026,0.409810999684891,-0.196587880481152,0.533020807159856
-0.458013971251963,1.23406262154293,0.408119418882426,-0.0126708105733209
0.499641620690028,0.185331174818275,0.121867509741318,-0.296528547963731
-0.929854384681654,-1.00005192213352,-0.041375063828606,0.764290530962161
0.746382556161348,0.212781190077921,0.0274246050163246,-0.369492118030394
0.29586627483718,-0.0321682089486242,-0.206624311453715,-0.320933063566238
-0.4025070847179,0.46853488620928,0.544376699488778,0.150095186842053
-0.295765245495015,-0.0134907117005698,-0.336701082841624,-0.281246575684129
0.285554282295662,-0.0106101391598324,-0.202884897469051,-0.333949706454671
-0.715342353651322,-0.412757365249417,-0.536845503431741,0.162422885731398
0.755055406299128,0.414889818220202,0.0357071435053751,-0.62549346254229
0.497222041883749,0.075805397030384,-0.315127689087816,-0.55828216692263
0.0846180354618589,-0.063820596187195,-0.287262296165975,-0.440385963550509
0.525848316390485,-0.0467157697999051,-0.064304126837443,0.130656323280579
0.290204458200022,0.329349570287092,0.554295833664705,0.203614386432698
0.191430640428547,-0.142817660470703,0.238799600105775,-0.836831466747376
0.338749047432994,0.0177969235670059,0.0276158430706906,-0.0178150391186879
-0.439795289593285,-0.525709023148987,0.02893272282898,0.352232693153571
-0.522033396401073,0.941440266758252,1.13837022966266,1.16401044986755
-0.534377164762937,-0.287013528882474,0.331582313263503,1.05854169793799
0.13794466975118,-0.255395267484488,0.191848179484672,0.600929093509505
0.687273881072196,0.160344540775428,0.99099971072271,0.0274559876839993
-1.22683868755224,0.576936470470908,0.710690918778047,0.469357458054057
0.247258823430975,-0.0491604991813264,0.00102834471209873,-0.0721900295157402
-0.13757538969201,-0.346970172447481,0.405484962598108,0.444277029072749
1.06134927457058,0.208803306381309,0.546038303902808,-0.640461874347115
0.64313576852121,-0.802807088342253,0.757426855447753,0.537468079793793
0.632332662461652,0.170965830104659,-0.23918633679006,-0.590017594575961
0.445404654042142,-0.00821253732818462,-0.149839433086229,0.31401151570757
-1.06395523363727,-0.467227061301445,-0.0353849765106259,-0.44384525476944
-0.426749605986693,-0.179092335497852,-0.247230618348022,-0.254099681902442
0.274716156399808,0.0922060629174019,-0.0367399869378877,-0.183273392695695
-0.669328344564065,-0.482412186824659,-0.335143559039399,0.147487375554172
0.213000862470102,-0.0405416626309724,0.0270086228722068,-0.295626463517127
-0.496526007085505,-0.443518202926487,-0.358749525504865,-0.376115907440235
-0.294154708626375,-0.294662176768832,0.112873707964169,0.268385884786133
0.244636270100437,-0.486860319051461,0.251981517249795,-0.108606998341028
-0.652704687536125,-0.801534401522147,-0.486390276982271,-0.448290515868764
0.963664146254778,0.282510861701854,0.297183180376277,-0.0551418938667075
-0.54036695024652,-0.0419860357041746,0.280872301168736,1.11639286950161
-0.212605030126707,0.155432002297559,0.181784387409612,-0.179064133413326
-0.391075422869075,0.102070933310147,-0.135209770305578,-0.335887864583186
0.497222041883749,0.075805397030384,-0.315127689087816,-0.55828216692263
0.172613764368109,0.0428087775990665,0.019088040203515,-0.112123280245199
-0.363363682430583,1.42386726743416,-0.589225838487907,0.111320793707023
-0.398723332402562,-0.485439235924059,-0.417067877040132,-0.681728913565731
0.426310431319954,-0.127457059155455,-0.0706847655067328,-0.487896556819105
0.328364875084292,0.0334580261074794,-0.291345314609913,-0.45736388187916
-0.035682121640263,-0.428764448558167,-0.693939083202495,0.00776279300067643
-0.229345207235717,1.45288060617672,-1.11728910038965,0.28928636005783
0.242487952928398,0.501211486248521,-0.170850095513562,-0.177719343101481
-1.15366833108723,-0.189151996810897,-1.3128694873721,0.110612104703709
0.497222041883749,0.075805397030384,-0.315127689087816,-0.55828216692263
-1.19981759294489,-0.97167656841408,-0.616471467048273,-0.727707714595837
-0.694314113906305,0.725222237402944,-0.13266141138854,-0.745775736940603
-1.73489533314501,-0.0639201720727993,-0.410074508631242,0.114716540421078
0.146960791349552,-0.0335336705468438,-0.166242936125568,-0.604611485744072
0.0595760410589336,0.403328230731053,0.216999375603763,-0.921072223319153
0.0960106693834561,-2.19889842845228,0.296142975650092,-1.68913565679317
0.93566164136841,0.367945067372319,0.152303192396534,-0.554194509952057
0.739546787333155,0.21664697192692,0.187670517259373,-0.328717801645343
-0.544027120388169,0.164921404663235,-0.457548929588064,-0.0912351130108446
0.497222041883749,0.075805397030384,-0.315127689087816,-0.55828216692263
0.0835333826286057,-0.0648341996531439,-0.465726800482749,-0.31689090590698
0.471249555245359,0.0693401760277515,-0.333704085851883,-0.545485249773786
0.497222041883749,0.075805397030384,-0.315127689087816,-0.55828216692263
1.12983442937764,0.44484030057455,-0.0327256219359333,-0.963280104767844
0.390475688986115,0.143058686950632,-0.276084516376813,-0.626816859043162
0.106945146644288,-0.132767243412553,0.222812804061892,-0.175397675572477
0.320449396523234,0.0296189026519101,-0.201054290402365,-1.10512845164276
0.828796092839153,0.179029063732831,-0.143699971393336,-0.670922646623375
0.216977424640877,-0.110792347981518,0.0353489216616963,-0.408849224588096
0.425811033142505,0.014682268684126,-0.343702023194892,-0.494866357505095
0.37410731432875,0.0219269237002382,-0.314810247152088,-0.657543361784275
0.499377904838126,0.0620462522115694,-0.31266937023123,-0.559672768167187
0.497222041883749,0.075805397030384,-0.315127689087816,-0.55828216692263
0.767375432809974,0.468412803175797,0.125803466659587,-0.81428701636896
0.497222041883749,0.075805397030384,-0.315127689087816,-0.55828216692263
0.00649117029316794,-0.133510639601239,-0.421831216278337,-0.28072056759718
0.795853202233816,0.1002295749275,-0.273019845557426,-0.706770468596578
-0.0892197985525877,0.686319966729763,1.24342795220669,0.374752426956734
0.497222041883749,0.075805397030384,-0.315127689087816,-0.55828216692263
0.0105010522012922,0.78019767561479,0.950880832476659,-1.38611522095281
0.497222041883749,0.075805397030384,-0.315127689087816,-0.55828216692263
0.678385068557121,0.161479620611056,-0.264746203660491,-0.369368593967261
0.328364875084292,0.0334580261074794,-0.291345314609913,-0.45736388187916
0.50843506114192,0.0319009972766085,-0.220723448589911,-0.465223001576034
-0.0740147481131486,1.19778508586427,-0.134703476102388,-0.594655713802701
0.497222041883749,0.075805397030384,-0.315127689087816,-0.55828216692263
0.603409169222864,0.236416607428009,0.221652648333267,-0.496547285941401
-1.01607217234833,0.465814060748406,0.316379029665214,0.888861720681801
0.552891467580953,0.107317670906089,-0.221895202222014,-0.485483321351755
0.0337700458464567,-0.819727685843563,0.360949475424292,0.578480089166668
-0.74880222509811,-0.444296303724678,0.0298537530849526,-0.96574694184016
0.497222041883749,0.075805397030384,-0.315127689087816,-0.55828216692263
-0.436195436242319,-0.459350261081633,-0.22869766554534,0.220921946247145
0.14076092989378,-0.0273487313076603,0.0328069111216874,-0.169496418721275
1.05386456200608,0.294962548843019,0.92157208025653,-1.42163372720432
0.192758410235761,0.751908680985223,0.110602056850727,0.17356616173648
0.466466671598072,0.374464719237293,0.0412380535752246,-0.33685608735915
0.192417874065495,-0.557417937775119,0.304118680135582,0.268698109621798
-1.08456325075272,-0.407043523459971,-0.159896030520187,-0.843210359727849
-0.963024158854192,0.607496681566477,-0.152565295430199,0.787792120865435
0.617149209935712,0.176097558234864,-0.60869114258784,-0.496237742658431
-0.160978412180182,0.279578706003104,-0.487317147505014,0.451013037116056
-0.82369868377395,0.497502701697146,-1.08433170073946,0.731319094442049
-0.169782698143354,0.758999661766542,-0.111524661481077,1.22565583815101
0.136920349672147,0.142804612721801,0.305931962587291,-0.851372684334793
-0.404323236419646,0.782381251833965,0.952601696657339,-0.578529327989967
0.94355715224351,-0.794070829989925,0.422950191669872,1.49552343805672
0.806099571574155,-0.741509784843628,-0.711507798889048,0.478418833094688
0.497222041883749,0.075805397030384,-0.315127689087816,-0.55828216692263
-0.845071521356532,1.12633773125687,0.240986937898799,0.337754906036296
0.823522386522732,0.524720889360016,-0.288335503106747,-0.556529627848905
0.667795328535158,0.15882255101759,-0.280229831838019,-0.633574045393229
0.497222041883749,0.075805397030384,-0.315127689087816,-0.55828216692263
0.0184361027250517,-0.0874235147769888,-0.463842319152774,-0.230928115727215
0.501912196578136,0.0784225657253771,-0.320496601411652,-0.560299266375093
-1.52064756330052,0.419775738991743,0.567041208281614,0.673650893046325
0.389618719744891,0.898318333781775,0.420635053609667,-0.327849173102909
-0.256159135733613,-0.079343796394465,-0.300929304437826,-0.00543571346037005
1.24298130770767,-0.14077368424403,1.51465396423916,-0.0524592382375355
0.500902676743574,-0.0156648044179887,0.0769785213340087,-1.54768288852471
0.497222041883749,0.075805397030384,-0.315127689087816,-0.55828216692263
0.493335403978403,0.0665266554451059,-0.366434740246292,-0.565949244646041
0.169033974262329,-0.028883801428982,-0.563733222858794,-0.322184341297319
-0.0460425128447418,-0.201994932623906,0.0567025883396937,0.157888504349877
-0.460438026442541,-0.445016541403937,0.55819708477539,1.2760758146601
0.106797996989016,1.31122084168596,-0.292599817529502,0.412529505739641
-0.341753847462507,-0.0513514469393389,-0.292255087150955,-0.000343252266292921
0.497077100362434,0.0739528619622926,-0.318283903400235,-0.571709175481493
-0.0182635827935041,-0.9282860630939,-2.43921039247502,1.16206196031764
-0.413314414793554,-0.280399142992661,0.0494547316037277,0.265661990839598
1.08146781942044,-1.01820925154941,0.844289116017001,0.249553608617154
0.520207151346558,0.0743073323414616,-0.4159451655662,-0.580637595713351
0.875695501177573,-0.282482589903368,0.287227143705515,0.17932022710145
-0.312769960033794,1.15939062882784,0.757115057048517,0.917184299293364
-0.0402957931954301,1.06959866457684,1.52124596791824,0.684386608844124
0.463376838685963,-0.0840865704710512,-0.237137239283195,-0.421920973665194
0.218464303139771,-0.303128586980518,0.0167087565455645,-1.56105730209856
-0.519677005914627,-0.298332029586693,0.085670050292445,0.488621753973398
-0.519177191696573,-0.5972880942372,-0.107906184461451,0.46773947635376
0.657314119643341,0.59105566021884,1.6398821797507,0.376738648637797
0.568669880636405,0.274082415238036,0.581370520788839,-0.266417593089163
0.209068364282201,0.776408010967514,0.0817254263412534,-0.586256734822596
-0.193631110847916,-0.179942289853301,-0.131557920443219,1.02612693075663
0.871982916713428,-0.0016728757942828,0.427873838447013,-0.432925549712237
-0.0478048181034861,-0.261911403685632,0.420183909747373,0.719052383090603
1.80675661007431,0.881745713194468,0.394458436858832,-1.48635939477203
1.39098503289088,-0.364718732928016,0.914771891691525,-1.57716355867443
-0.912703692744778,1.34633644007233,1.80464667528484,0.81659615358558
0.314212224500971,0.279427550164154,1.38474288927825,0.0460150097885619
-0.732205007384864,1.76335229329094,1.49859361812158,0.754277921628587
-0.434836736728791,-0.846339869522648,0.169831852329044,0.747566953605944
0.447618190935224,0.379557583864245,1.16201736608096,1.10568400815363
0.144445570995729,1.47372436850208,0.727355968411418,0.023890582545164
-0.0568810941560702,0.116210563088906,1.24218182569812,-0.140138930977669
-1.27572904033558,-0.989081929808774,0.0319871497093262,1.29962333948975
-1.43264208489826,0.857269841775985,0.792008031830881,1.57511842065762
-0.00350025642585332,-1.01654915263149,1.2870749707456,1.30392149986614
0.388450004115962,-2.29895677323159,-0.867393487535965,0.0114501004373192
0.0401755769816488,-0.00157927647433317,1.07054756664018,0.94487703259416
0.349620523381816,0.83986501568195,0.983316344000017,-0.646763424965537
-0.1240057869863,0.0986212553247785,-0.110808062643592,0.52460252398744
-0.762442399198679,-0.295396019707368,-0.448226437276561,0.901127052602993
1.00854517092762,0.0263791394177302,-0.913073841950871,-0.307738284116696
0.489240920964229,0.0700127453873164,0.856660665759943,0.177299548930956
0.980108793678963,-0.750405473290895,-0.0269676869137079,0.0439333347531064
-1.41339935286459,-0.471678759444094,0.368140271478239,1.44629242355381
0.555838853350415,0.00171628288114822,-0.256294771049104,-0.264689945127059
0.685873515187804,-1.03944856127478,-0.367072129212921,-0.906595191675752
0.254335766378494,-0.333333329793931,-1.20847674130884,0.886944827311316
0.802636393348422,-0.621827862415077,0.329223884170622,0.405838071435747
-0.455683125033749,-0.0869964218969339,-0.397716886325049,0.000699445125165807
-0.749678716625691,0.274870457284323,-0.574695539819712,0.164720458172813
0.237463792053702,-0.719968159351082,0.841190438153561,0.127264350071741
1.40980488938346,-0.0673635739305954,1.1064896738827,-1.41575289463203
-0.197067029445718,1.10159449074884,0.112105575970794,1.37784451464397
0.743567884698902,0.766093173684611,0.692381704657783,0.492399259792681
-0.654667648856623,-0.191079858296676,-0.132414688264464,0.394021454982412
-1.15125781422347,-1.56935716867132,0.0905517600224491,-1.16911217876306
-0.350340816094492,1.6584093260794,1.13008053457373,0.234919694479681
-0.156525602863564,-0.244487919899779,-0.658423835282346,0.749172464160329
-0.610142379659227,-0.915227584163838,0.0794882402359692,1.05391615183485
-0.789028963353152,-0.979741740607285,0.205249745894482,0.166606744703359
0.180334426768692,1.25736969276194,2.54898987850386,-0.607526914747255
1.19782984964154,-0.0500908380245069,0.545613808568278,-0.644248754008354
-0.00649982429328984,-0.162147891593668,-0.254746697795916,0.943110848986595
0.354252926121739,-0.602668752572443,1.79142592606763,0.845571780375805
0.346147779601055,-0.00870042417285235,-0.318933103431101,-0.42106798322662
-0.12061941250344,1.75224365322939,2.07865778597447,-0.238059276885845
-0.139169451521219,1.81540325440806,1.48581200784468,0.585694438318873
-0.154256049789903,0.380496719197016,3.22332487933449,-1.44408146255851
-0.657469155317441,-0.834722080920781,0.845226307957758,-0.557383861647
0.307286640123725,-0.0515760196558894,0.144296464917817,0.196907698866334
-1.1079272090048,-0.503734416834966,-0.433362859114748,1.1128127239767
-1.12464399767183,0.438842935863019,3.01249999199024,-1.23484898830952
0.168149106283856,1.68129124485907,1.33299828572979,-0.465113694852363
0.45723165178553,1.35309735015555,0.3210744838862,-0.0360263472317984
0.280341123541786,0.291044984481382,0.983799483962944,0.63817643424305
-0.482313057327148,0.236088885129707,0.193299319793385,0.127362555920343
-1.29136884415303,0.468011353449796,0.372404384129875,1.17493917318438
0.16228784041486,0.117045571553465,-0.592367670310241,-1.61491059402762
-0.28351279582778,-0.677275010570454,1.16537819205525,0.999694090887164
0.191504698286941,0.552487564643188,0.775823446403572,0.81167209195795
-0.738844650278455,0.201478458276654,0.630039552924148,2.28307972922185
-0.0667380765006303,1.32473324825776,-0.307406290382468,-0.644477792645873
0.221817335567541,2.17617813778521,1.59852583662051,-2.01925459534967
0.302752102898878,-0.488310470416357,0.803563516676405,1.50848580983359
-1.58009681814885,1.44689213157655,-0.981820352120333,-0.494950342509213
0.578037823991967,0.40067573581173,-1.19996453235753,-0.148442552047743
-0.261075508804821,0.595731425282087,-0.0510802284638729,-0.386542550553483
0.643698974204529,-1.11812988233094,1.62985322261321,1.06720106354472
0.654624976476631,-1.04887602473898,2.09309162151112,-0.523704795082229
-0.565386512134287,-0.228789487208537,-0.985304285457676,0.849439567145009
0.71520064326083,-0.0191531153445909,-0.111815216921755,-0.39925651772939
0.0571916362415401,-0.161418664416002,-0.124435582737622,-0.0197966143076545
0.770480798710632,0.555274015470292,1.75334214486361,0.631298862958069
-0.393229495240143,-0.808203290028428,-2.52448757936705,-0.153159466765325
1.35909358064742,-0.597468407052556,1.52164878306451,0.971977841601405
-0.834926209374511,-2.07586307437149,0.523727641626316,1.79557884193198
0.211055323950889,0.855351152090919,2.53250207053676,-0.260607305270732
0.204376632582854,1.89852755726524,1.82092385040742,0.369926460461432
0.546007865051723,1.56430881145986,1.84468224197028,0.815729969668887
2.13528732775673,0.940462136853096,-1.06557033290393,0.721162744753991
-0.0384791088392761,1.88853008854001,-1.69722119888808,1.06209570790472
-0.544670300885659,-0.933768004771496,0.014475981463943,0.761110721099296
0.264087595279043,1.98660318147916,0.727008147237053,0.301288098037378
-0.732619403701986,0.744307310368865,-0.506095997093751,0.822658051582475
-1.60976938225085,-1.09847942657952,-0.635803995785859,0.7140303255148
2.56689399454404,-1.21559816168658,0.90663886882194,0.542020438639411
-3.48335303923876,-2.98651220093271,-0.357998370702079,-3.81436496681789
-0.379907227927274,-0.153551350518344,1.4345817938012,1.33881586285915
0.500163938802235,1.06312603458353,1.59363519300108,0.828104117919308
0.520544763482149,1.6510730691515,1.65003607158383,0.447505789344061
2.23976765468,1.77009535441463,-2.90935239376673,0.344300277444762
0.109548469021207,-1.71314036848676,-2.24323945770384,-1.64379063254371
-1.37166109992663,1.46930361369984,-3.20470159711265,0.270316741410473
0.534956212853788,-1.88982787672418,0.920566228140488,1.03321751882655
-0.40869663799077,1.13472798053476,1.05516705669929,0.429227025451282
1.76570156374899,0.939011285261621,-4.60848194608895,-0.803305903623404
-0.836606297738985,-0.598756352225732,-0.789754759447051,0.365651842468033
-1.17709330040335,-2.14947046478424,-0.298099822400787,1.16986059368325
0.218358139319825,1.6865734258933,-0.0661654804983369,0.660399979242166
0.141415110304438,1.59239852059357,-2.09203412435914,-0.574612113410826
0.613310622518569,-0.476959408905764,1.02812471885346,1.76280394647077
-0.63891273112622,-2.08803640275691,-3.89114686949876,-3.92413768344269
1.64900765563837,0.482358541125297,1.42383503367174,0.0871043076279892
0.394488050936377,1.25644177800529,0.542952544370484,1.53380983689889
-2.82256968055596,1.68799384406621,-0.444409717931507,1.20611503804426
0.0223788262521151,0.271694144634762,2.18916469839745,1.83118958629789
-1.72857178432841,-0.327146518004514,0.458023592553542,2.68557409346612
-0.0224893735554505,0.490241508362555,-0.293761315303595,-1.44296696313294
-0.990839792827937,-0.499057640513483,0.19191632331324,0.926580424638354
-3.55228412753683,-0.489693386547116,-0.0174070202627417,-2.16877866448527
1.34561033541627,-3.35441182507881,1.4382294982135,-0.82391239525237
0.0803019379974955,0.255290028886117,1.37618826550746,1.47942693179706
1.8644828419792,-0.768106291908384,-4.08700059713248,-1.28495963697979
1.84992599076803,1.59366683809566,-2.61260006806479,-0.490613900001031
1.02432976272148,-1.78717684799589,0.833080211416725,1.02892172852061
-2.59476595294347,1.7097969640652,0.192481766522402,-1.56625253152555
-1.32291051904063,-0.897514318592939,-0.21531138151822,-1.21810683227244
-1.28142578318074,0.903762191994502,-0.145858997698062,1.33961618310635
-0.704696658961204,-0.70954675775574,0.524624844958719,1.87146002007653
-2.24944096001511,-3.46055963850797,1.62055330839227,-2.78885611614179
0.705113877597437,0.935704789093251,0.316100645119971,1.0036847311989
0.660268207278393,0.286260384990354,1.80699258036571,0.70436041016797
2.08824393350856,-1.17184168459131,0.58613296741778,0.193612110577891
0.727880287732246,0.622282365829024,0.522432887144737,-0.691167400687375
-0.966404884926818,0.755518532724288,0.973300860490043,1.16553178903316
-0.287186494207715,-2.72331091295025,-2.50815638431386,1.36508742851743
-0.712403804876652,0.843493117119333,0.156033668311449,0.14273020390558
0.0948950285155607,-0.871898611027159,-0.598675157726006,0.0577120994440733
-0.59336240318057,2.89173437895369,0.457116426640868,1.55295504011402
-0.281250417110029,-0.1758009362068,0.169271019330426,0.312367349865791
1.44864716347902,0.167495909164752,-2.65606579111459,1.59553344598062
1.75932199970692,-1.01736239475289,-0.583687420811984,-0.0483983664415039
2.53198715416299,-1.19395008568179,-3.09922394672203,-1.15907108648308
-0.92242367977584,-1.33789541917985,-1.45580704756523,-3.24307604587588
-1.06582236302697,-0.652049194486984,-0.196356858940756,1.65516539250091
-1.35035012532156,0.630802422376583,0.0536637179114233,1.82581911698891
0.0554317869804777,-1.33345458067958,1.16701075872106,1.65981300491733
-1.30517396895901,-1.62027269971791,0.0395041339849177,0.391540139278448
-0.869169722122659,1.02474230263274,-0.514390518560108,0.663263119174762
0.497222041883749,0.075805397030384,-0.315127689087816,-0.55828216692263
-0.188586537072113,3.56217607737002,-1.01693083734775,0.396042427328337
2.11864082474062,-1.19345123471447,1.15360627983496,-0.327961012051
-1.22428930246194,-0.54270390167821,-0.0133277252527227,0.885704263172969
1.4333902008748,-1.10319968744345,1.11406609917011,-0.372566299058463
-0.843037463669804,-1.25400180819177,-0.317457428559894,2.24965562974239
-1.40717950200827,-0.796130674923941,0.0806692120363721,2.88299156809773
-0.178314356021622,-0.119876594318931,-0.52129274417007,-0.184891962949586
-0.106756152368303,-2.44140123140145,2.06230403006377,-1.89175790886006
1.2221984846345,0.74249668173846,0.70202503234197,1.64749206538466
0.630262453270755,-1.5637115756383,1.85642977762267,0.640705831504077
-0.296190963736711,-0.238006707601018,-0.917211957898402,2.73121679318625
0.731063287593478,0.968148185480075,1.12138634762775,0.418938693046144
0.537197184258348,2.18012460576178,0.973564302353085,-1.05981935034837
-0.203089908682505,0.834320184703814,0.89651168857101,-1.11311285108643
-0.52853382163389,0.2168205639402,0.789677855315378,0.354697633892087
-1.65198354434235,2.3523039121373,0.182825906488201,-0.754465848438574
-0.869511794703999,-1.14151362528031,-0.475329268692588,2.01039249654462
-0.440523921823131,1.90280483955272,0.853329451905116,-0.867354587644761
-0.0397782479313133,0.706558285732851,0.230543785090301,1.60187362658778
0.837216238569437,-1.42013862396458,0.92743016594042,0.668939919232189
0.307309872705342,0.870453882962031,-2.84448453167854,-1.5737047683646
-0.876770670775252,1.56407314321103,0.649458550670123,-0.582065281803434
-1.10010268979219,2.25070723073471,-0.43135492496322,-0.225347067603595
-1.33845346978163,-2.29349643536814,0.399315867021337,0.307373196036707
-0.495679990240518,-1.03167318596438,0.446801040955521,-0.744119387209667
1.21655499701568,-0.579370866592886,0.438160619979264,1.81232802176436
-0.219853803222921,0.943413906710023,0.905610591478994,1.10939623098413
1.806720375983,0.465712944410834,0.27039973779531,0.361248743205135
-0.602435687595886,-0.274605557648394,-0.516084458985434,-0.0113562299111775
-1.03176828187043,2.19465615238643,0.933798695512948,1.14266497296375
2.05625465438166,-2.29685811356795,-0.121269414992718,-0.851820639459135
0.880927289718103,-0.379704529193605,-0.209059213192864,-0.385963626363183
1.45287497385994,1.32115400257498,-3.04061056752879,-0.484748373532792
-1.15218570659842,0.176899426656156,-0.441400740194894,1.09594712724004
1.4240168690026,0.609195659152886,-1.78449785997338,2.37173593047124
-1.83841769290345,1.96702020361032,-0.841463946661845,-0.070784658465322
-2.83299132096963,1.60881657652511,-1.44979394504311,0.279786304950147
-2.0654588542522,-0.46683668053976,0.111612618016418,-1.69189860232437
0.25788766329571,0.0411264666476314,-0.0585330790179321,0.700756792924516
-0.249884503854759,1.55717447622066,-0.570571487532216,0.898199138635152
0.0533324459124842,-0.427249815628896,0.253906168091747,-0.276455754386112
0.147815598433364,0.107252261959091,-1.73914326795637,-0.139958649686045
0.452026669147047,-1.48550145224084,0.657737382878188,0.456656484297164
-0.175256677147244,-0.166273142357098,-0.275816062057817,-0.0597900579397446
0.936348703253554,-0.0315995142258514,1.37704827622688,0.0394313229865783
0.14392889796841,0.643853767423987,0.219246555672606,0.51061802129111
0.961845753757163,-1.17083991509301,0.703502974079609,0.944581891772515
0.537781110684979,-0.0237105031279356,-0.211116882741734,-0.757115561030822
0.120556475494119,0.210460762173293,-0.463444480924526,-0.738928799276798
-1.33637704790051,-0.934450407926969,-0.272200119224442,-0.948107501409853
-0.340234201132094,-0.513842735253576,-0.0365618260946738,-0.575439367601598
0.395788312763088,-0.120597238282995,-0.640980877963978,-0.79083420449448
1.16643298908235,-0.720810876607527,0.138272338752173,0.804880761446191
0.710689341827125,1.05888583045779,-0.93569453887587,0.0031456938480216
-0.477620346039256,0.408576573111386,1.43729869423784,1.07200458113409
-0.486849394195645,1.57703655199422,-1.92818967570639,1.5292829199955
-0.417509872199257,0.132619148881446,1.63858156159075,-1.26056183147483
0.0671057838489767,2.436416004005,1.5257730209777,0.373316997577247
0.322362968724614,-0.074186150192987,1.04467175157066,-0.259680540496383
0.995124405234555,0.326181837761344,0.654507869490283,-0.0310941090859996
0.554140490646869,0.399642379300706,-0.769560595288138,-0.968507038570281
0.188640463553119,-1.37933849969015,1.76043198729442,-0.877160349746599
1.25898027694386,1.33157208879611,1.67097525557663,-1.02288655607566
-0.326487294786143,0.576397608533299,1.5716519119245,-1.09335152915169
-0.187571610765673,1.1820685878767,1.24995387409949,0.90226566384439
0.914339843742915,-0.225469506764801,-1.20701094737594,0.0720570263450987
0.157322253025491,-0.559439373587687,0.252647979071418,-0.546010174960156
1.00424052942701,-2.76430545963821,2.77891642982295,-0.608251891877484
-0.347950710576105,0.0599760392832826,0.0714427671532303,1.0428278962592
-0.777587595746636,-0.389002953345213,-0.274205323373388,0.262788411654236
0.256763600922242,0.216817135100458,0.774087787953096,0.708652125784107
0.9633690301513,1.34798769799495,0.5163613722627,-0.500367482797153
-1.08129959045757,0.651248856903227,0.288040583522428,-2.07397659668592
0.199219716095753,-0.403777380586378,-0.134124478083141,0.149135679000747
-0.135611918010671,-0.590339758251065,0.439971272387221,-0.504427167416733
0.596142983402771,0.00290242856076648,-1.42965294984494,-0.24464036206845
0.784199239644843,0.275794663012094,-0.0498383233018054,-0.570069055269215
0.998077604573117,0.663892214846646,0.908695599804276,0.290914853093313
-0.137383241048452,-0.165241514931603,0.179319223331947,-0.848769410190156
1.57680646797726,-0.380299353666342,0.752175570278075,-0.702938185678535
-1.13464411896739,-0.641946066602883,1.00732309951321,-2.19510197433135
0.369993644904418,1.00241474161427,-0.377147177289795,-0.855930034996982
2.14888955126492,0.808525371960574,0.493260762968457,-1.59220591282044
0.820277963223201,0.178272621538225,-0.0407991491666957,-0.507887160432253
1.40391484432957,0.384715645936987,-1.24373650781638,0.134801227958253
-0.955433779612949,0.806368966122474,0.542312314683027,1.0755384141406
0.497222041883749,0.075805397030384,-0.315127689087816,-0.55828216692263
0.219030399668816,-0.0817618914706173,0.111355452378316,-0.252591248247538
1.05265492954625,0.0581655837558379,0.887782557104677,-0.018111181976493
0.28697003149709,0.0853796627861432,0.192060424199277,-0.953303435872332
0.0696923484056466,-0.185617600697095,-0.517309039192844,0.121397503978771
-0.137257316070277,0.989572837825102,1.73014306049198,0.858659653702658
-0.467872096703092,0.778814463979655,-0.897789960685512,0.745064762912387
-1.9812222299723,-0.0882309690967163,-1.29769663630525,0.141849739135028
-0.712112451050013,0.348810374645192,-0.0187531354086071,0.119667354410546
-0.0551018947977723,-0.141459112653453,-0.0665548920176892,-0.0832650979207678
0.442128925820965,2.5665204410956,-2.75040275179856,0.706211286130911
1.16399964356061,2.30677926522149,-0.0129813537844564,1.37227201609743
0.521157114690829,-0.679679598131999,-0.0513582979178247,0.219450207969288
0.497222041883749,0.075805397030384,-0.315127689087816,-0.55828216692263
-1.13287151339956,0.191802302961967,-0.148357395034584,-0.131041199806006
0.191987916878825,-0.513173530117031,-0.291322422920543,1.76959141044385
-1.09939678306177,-0.496682060807239,-1.02508400178112,-0.701705012213428
0.497222041883749,0.075805397030384,-0.315127689087816,-0.55828216692263
-0.0296203510586913,1.05333052710693,0.501550108101616,-0.532167300390137
-1.89776403944527,0.737018431808926,-0.466381259616582,0.502345510695791
0.379518948065714,3.02215976817007,-2.21799884170975,-1.0282093831282
-1.61881517632243,0.481180581865627,-0.228500705061698,1.67333675236986
-0.979548563908552,-0.72474706569856,-0.169619737624051,0.972211734135688
1.39384940498731,-0.23969956368319,2.26898985449552,0.664086149698064
-0.119018039707096,-0.298421801820008,-0.355712362428059,-0.256353776403659
-1.14609636772346,-0.0872108300487485,0.521906101950364,1.39661685843093
0.728765107005271,0.57471678521899,-0.237067389002689,1.37781985008811
0.190824194763836,-0.0805260941372344,-0.308354059888613,-0.788105963877642
1.471048262347,0.815159016830676,1.94081894385356,-1.60400118581252
-0.392870698261392,-0.136547255457999,0.321172635805912,0.324270177093712
1.12397713039449,-0.523619844424345,1.23958225094367,1.08874891811948
-0.382188767178862,0.60188338098182,-0.875636300900052,0.969282511120443
-0.190894061841053,-0.116266092101935,0.83711045792856,2.28333607484309
-0.83503945696801,0.655348269996179,-1.38821074328971,1.52791516029899
0.331666800676264,-0.35634766361977,0.0705225106437161,0.877175948019393
-0.566066892439707,-0.67304858216539,-0.470278469077336,0.750202623686248
1.43364664487942,0.171730684723834,0.595952423290904,0.297465175934689
-0.399124088152352,-0.419564622269151,0.201866230857314,-0.00110501643139171
0.507415612715336,0.172858903741881,1.44994888366073,1.4282719102263
3.20770374597231,1.10642251768965,-0.721336466659229,-0.12762993705691
0.30430397147952,-1.4173647882925,0.64656840246063,1.79187379098518
0.800127865968491,0.0181475573708091,-0.522806452016993,0.0298471936229399
-0.67551353801711,3.36388259626965,0.154724477437383,-0.882878515556164
0.55429129943935,0.865968197502386,0.304666047217863,0.100995066565194
-1.59449424261072,-1.5286615138843,-0.392201102735812,2.08253034984664
2.03824034498442,0.713577992281696,0.290950712550254,-0.260054135458875
-0.452965565839318,1.43467517590531,0.351798645252565,-3.26441892411785
1.18283522584242,-0.817638532785287,-3.75483081364862,1.01464117418887
0.00651877724871364,0.830258252992693,-0.704511903571649,-1.54175108995529
-1.61799156232574,-3.53168916499307,0.434368678422806,-0.406432541822403
0.0939304545486969,-0.281848968444167,-0.270883558996851,0.627385989305753
-0.299950398142196,-0.0277465537179756,0.507647362208618,-1.04118010341864
1.41311209534973,-0.213513795097575,-0.128287967257571,-1.2476695921963
-2.4407711121131,-1.54626455383417,-0.768088437122461,-1.71811993326143
0.663991413818962,-0.938979354422228,-1.02417391615154,1.26315389560465
-1.12004650575394,-0.708966638634181,-1.4008114699859,0.911868067350943
0.179339151703097,-2.25432905179255,0.372603853573923,-1.03415290796863
3.38284166086922,-1.16050173229653,2.37802563801593,-0.502373539043439
1.95481750756043,-1.80112950964975,0.971980632518255,0.756227116564519
0.649987129848185,0.5456341135976,-1.2186954562369,-0.223156426062005
1.6068401155424,1.07720766236386,-2.51968306385849,0.728360632269672
0.0464243941872221,-1.11852882611302,0.285673897651364,0.789022265808021
-0.392291501837085,-2.28124194023458,-0.233593531676998,0.633444378245361
-0.643485500805546,-1.73303421490608,-0.482418394455756,2.0434758231875
-0.984590174243012,-1.60806030599121,2.2920891233154,-1.38192653126168
-0.970271986396951,0.920741261582415,-1.46486426689645,-1.23293399304617
-0.757381006997999,-0.461671543956528,-0.312165102636529,0.569162279385375
1.96367416615782,0.643368134714944,-3.53673494930054,1.38565475816708
1.32978442694579,-3.24114717092852,0.729888148865891,1.253834325675
0.214074302571508,-1.71912780553423,-0.260033025738852,1.34551746381924
0.497222041883749,0.075805397030384,-0.315127689087816,-0.55828216692263
0.884831890911917,-2.32593517239249,1.75814189045082,1.07498214613773
1.61021097809289,-2.69705698612013,-0.0255022564398643,0.499276349680705
2.87267017071236,-0.77202003769618,-3.62774922200185,0.552816562354599
0.541962512369018,0.0503792404565391,-0.306329902814888,-0.532430587502163
-0.91262489251062,-1.94449478976504,0.0550299231873932,1.80202358960491
0.451579859603029,-0.0701105746858823,-0.54050761576764,-0.0260257345366885
2.62050596141333,-1.06819450601843,-0.319450676899066,1.05173876161813
-2.33671934263715,-1.17349855497789,-1.19343231533206,1.72654424651819
-0.551166360392542,0.0444801571612316,-0.170146949235567,0.186603774995413
-1.32741092915554,-1.24831630476978,-0.114926488419569,1.18466274320518
0.813417616366184,-0.358944115808931,0.451550966744499,0.759460861050082
0.275569881440193,-0.00221495217661311,-0.500616786856345,-0.547002270853656
-1.02971652330069,0.510695434406161,0.713085143884717,0.523842298703868
1.27600190182232,-0.281687353103836,-1.2045591492206,1.14259288731947
-1.03046534504496,0.265455589955794,-0.494797127107338,0.688314582685088
-1.01099437949042,0.824389037005693,0.553865588934798,-1.30425998459937
-0.679621168322503,-0.396426800212248,-0.416025425106802,0.57692535276211
1.99529436321383,-1.44915917835402,-0.314116138630907,-0.289507407433433
-0.178645083373858,2.49837953417041,-0.403194444944167,-0.46650321112419
-0.627486904772143,-1.29951400757764,-0.225317450292403,0.961607415837935
-0.00675119670710017,-0.25953229688725,1.42374106136337,0.742657164370424
-1.02033908729212,-1.54869007956029,-0.00239694835193571,1.66489468538077
3.12079850660087,-3.01638276750863,-1.49800201795324,0.110374439938844
-1.60458183288216,-2.23610934720956,-0.328845720148048,0.308431713111532
-1.01685530973755,-1.03977277790395,-0.231710620222836,0.960591097611769
0.977980200860618,-1.05415789716478,2.67024045839065,1.28676829702158
-0.339597635406357,-0.754655867133445,0.354936636970714,0.46184907488912
1.01619583662381,-0.102906778034862,-0.235730002655675,0.228746887183461
-0.315672645591339,1.68161265821783,0.695544622769716,-0.339039555956128
0.338600508075592,-0.57573746597869,-0.209927449654794,0.197503361607028
0.995864688439083,2.11336882387346,0.108546250405752,0.00980141594311015
-0.335271726964731,2.20461932380375,0.396445090545657,1.36822697806333
0.482302546433718,-2.48015736256047,-0.270126335684099,-0.0901868163788195
-1.95784044601045,-4.23644848950138,0.112407197042102,-2.41802317283072
0.108469997228391,0.352855515363413,-1.29593869266279,0.0709918803864633
-0.82205900433421,0.784850440833908,-0.647556533369705,1.07659486533465
-0.673867374023663,-0.979667638875047,-0.710884633892855,1.40811676287563
-0.0141720091929988,-0.178220193228472,-0.757826091754248,0.634148887415405
-0.907720058056983,-0.925908393090878,-0.533610854257586,-1.38190686256125
-0.809113924086373,0.31966212322021,0.931011394975802,1.48491885634612
1.45083100460361,-1.77966846136447,0.263829403053425,1.03400920247682
-0.152790706415012,0.772475991836811,-2.54989022662787,-0.854187408285918
-0.603184679542337,-0.346794900428954,0.53433506374282,1.05412269797432
0.0320761921124498,-1.40832239552633,-0.376506099374461,1.75603029232197
0.552955328008231,-1.88200326022183,-0.245235637152103,1.25486417979253
-1.34757715326731,-0.461881654894774,-0.14789635591114,0.0946858482755411
-1.25478463413139,-0.694847175159759,-0.574783552382661,0.636872989504932
0.0824140936665555,0.758792183776089,-0.269046104079237,1.51329929886203
0.299395708999903,-0.679951321646566,0.116324594232471,1.99180419562124
-1.19278401880466,-0.0137162812246982,-0.0508541732902104,0.87889458863777
-0.174841682117748,-0.505502134713142,-0.654868743757505,0.744250384539413
-0.0672082897120466,-0.233003585051098,-3.14811813592474,2.30015540194841
-2.05200993941301,1.85881826715932,-0.795493767763133,1.06578569580708
-1.86499963620573,0.0581371443420148,-1.06290229710507,-0.700287518456494
-1.56234493289021,-0.937510273196256,-0.899531439379488,0.991399876539742
1.63890041104301,-1.1803215802768,0.939490180229601,0.918166513933383
0.413156388326269,-0.187244006974917,-0.0785466134603349,-1.10378025327617
-2.04307995398413,0.152287044273085,-0.530795362367927,1.43082486720915
-0.800600858783298,0.197292392460267,-0.528966567176799,2.10004208193376
-0.50886277695324,-1.35104543520689,-0.11254826517705,1.11548990884874
-0.00593683441820662,-0.700875915768149,-0.422313211900147,0.265223418083906
0.622775719353256,-1.87110278255757,1.25894898268276,0.908250501830968
-1.06570625250053,-0.536057989760513,-0.427376019472259,0.931793619115318
-0.276161087053116,-0.0387653442986435,-0.370884902568301,-1.29908543378825
-1.27361976805048,-1.93931540103841,-0.338706706407348,1.55376996957724
0.150769226294749,0.0952969698369699,-1.1543708168403,-0.129431578029651
2.40806237605308,-0.620157655722415,1.99005736916263,-0.0629232109362975
0.869223859925777,0.56377577327911,2.70738546949563,-0.325684275801458
0.018281852069634,0.896656945838063,0.353208712444582,-0.238322714762391
0.994008065902034,1.93910807905572,0.399109194481453,-1.03906339309434
-0.0826268940327213,-0.343167285274973,0.0591374974338884,0.174342017675345
-0.0734234938623282,0.0477496031698069,1.38700546053814,-1.28223734311748
-1.50623983815946,-0.561951961778685,0.811875845142057,-2.65827648009157
0.246119845675747,-0.155276068457718,1.53265060778921,-2.35627715753174
-0.712359393267282,0.236242576160043,0.814909941529932,1.80017024155511
-1.10051363147268,-0.808767538024781,-0.13265362710841,-1.89468180267166
0.336652499570697,-1.03333946186899,1.46552795806642,-1.33460085643967
1.46828499023101,-0.630401011464988,0.951642208323517,-1.04938135847915
0.431011574318266,0.0969102161713353,-0.29782733046719,-0.607905018373082
0.224345123787252,-0.0874824976924137,0.804638447961872,0.6639233645204
0.785997392274723,-1.04141800609485,0.530162573272988,1.42802660783762
0.497222041883749,0.075805397030384,-0.315127689087816,-0.55828216692263
1.24413562153433,0.829857869546941,-2.24005890087387,0.163909300768668
0.928553259971909,0.0300303663355985,0.79037873833766,-1.53579841742082
-1.06056564113206,-1.30142392675443,-0.288311561751604,-0.292121113344213
1.35201413963908,-0.0343982111163947,-0.127770477920826,-0.109126077916199
-2.47119970477575,-1.07623145093857,0.392663274299717,-0.991487158270045
-0.0752650209881831,-0.350388179984035,0.0471598951310431,-2.56290901165589
-0.852977783341791,1.77781864717767,-0.943491290066631,0.5172803197946
-2.41753191901538,-0.278344528544243,-1.5732110669052,0.423381541548669
0.188154069251284,0.426887967512248,-1.28742163574112,1.23268132209704
-1.52567004351026,1.43693603496053,1.14328148443657,-0.504661428099473
-1.50662075622359,1.19739533734238,0.117469878912365,1.42130660448214
1.24421509426964,0.787157802947426,-1.40507993386391,-1.22827843311131
0.34711430900029,0.534501267665689,-0.76704098545385,1.11468110280821
-0.478115887705747,-0.173354837314368,-0.924497345127088,1.58245018280167
-0.208352131160187,-1.04514574116283,0.396209767997674,1.05207725964729
0.249836781952621,-0.0733174855464615,-0.420909838507673,-0.453644886011099
-0.231150221570854,-0.00223469969274618,-0.130379711268741,0.417610038041314
0.788000492161304,-1.11866152252994,0.109637953395712,0.456956176322357
2.99993635389559,-0.171623339930158,-0.496593831239034,-1.11781795516565
1.10101485034197,-1.09548707734526,-0.394615483478891,1.41981775284627
0.961394207426103,-0.111649407214156,0.0477817612254072,-0.743379463917544
0.928336845831984,-3.36726452667718,-2.4050214552509,-1.47283226760821
-1.38701310980739,-1.57711245768261,0.680866095826551,-1.17888240979115
-2.57210341972834,-0.156819835389192,0.0710581790972863,-0.129041939471408
-1.04337002566268,-0.133762366799208,-0.116656967508045,-3.64483934181633
1.73089885095029,1.33043585595949,1.05875704200793,-0.0262633061342334
-4.8191988702857,-2.91887019601225,1.38348934206505,-1.83974541133734
-0.131721719502117,-0.255926230626181,-0.333041625056863,-1.11230923785443
-0.8355378950104,-0.332123399375847,-1.10719069574562,-2.65631905001836
-1.09178686705759,-0.674584421569096,-0.927477245312795,0.499850834467783
1.46452649044821,1.7601717303039,-0.491278256588414,-2.77660326863022
0.782612074540463,1.70814077575144,1.80037265773776,-1.70285002998143
-0.606944944701721,1.56555051337124,-0.0621000098076453,1.31866177539904
1.82587566176229,-0.996228388228556,-0.602452382466407,0.110145952903724
-3.91315268393368,-0.994232619133492,1.36206144634249,-0.77359145997638
0.355280989942275,-0.880092768810406,-0.92553783189938,1.14241204757201
0.141703219705139,-0.257650728477443,0.547209344563729,-0.951114291949667
-0.33549900490438,0.58393116312039,-0.283418872738477,-3.23753494871186
0.318870632663558,0.0828486521188348,-0.65996651342718,-0.453953212447223
1.42209597075625,-1.50107919258577,-0.406650538941815,0.500108723198219
-0.290740448646863,0.144305697483375,0.0613059581448938,0.225330506837728
-1.47938706549229,1.25089243089603,1.6672385251598,0.204094107110624
1.01464291175766,-1.4801703816123,0.134827130620014,-0.97567279800318
-0.932658500283203,-0.261482902212182,-1.36424032161485,-0.300667197442069
-0.713251905023746,0.239555903128637,0.727914506667665,-0.32955150109456
-0.024265819658782,-0.812745481158803,-0.350134781999581,-1.84983829215508
0.664999787009699,1.09876736943537,1.18425121899186,-1.06492796448734
-0.657769798805802,1.62782681635451,0.460681909593265,0.533592276902632
-2.18802467092616,-0.0260631081431627,-1.06747905037339,-1.94702694176968
-0.320644685806307,-0.0359822762836799,0.326531236561927,1.5462909423289
-1.60335903429595,-1.0659571578977,-0.461245232626616,2.18155290197949
-1.64457280610775,-0.17608280135409,0.382435556942806,2.12439283121154
-1.03451048192409,1.42847208685778,-0.454681685536743,0.914282285290408
-0.102206359415087,0.0889159328991242,1.89769385638873,-1.62597536333865
-1.10898610423531,-0.165498852439188,-0.0513590438065295,0.804588864898897
-2.38421132907224,0.886260895379791,-0.174575872022294,-1.5202982724662
-1.83128894082941,0.421694503412149,0.626259465936161,-0.0913479657407276
-0.632099627057037,0.868241559225206,-0.683178658231856,-0.0909569203575818
-1.84604582658268,-0.227925685535318,-0.776884659533057,0.596432732893803
0.116519944588296,0.0904766292032232,-1.01051525361656,0.0225268411128486
-1.16888888463982,1.5661657313194,2.18640478479498,-0.635940268705263
-0.521281278298821,-1.37010787643759,-0.688418195964421,0.943545654718664
0.636520289260582,-0.102374160106962,0.0403165396052486,-0.100660010571079
-0.232904215450013,-0.111455408512852,-0.176346809674504,-1.24089937358768
-0.0517263848909104,0.288049433234634,1.21730654684948,1.20598397492956
-1.45042821796559,0.848126266843327,-0.687342391021205,-0.850699917329906
-2.78731055685414,2.43528842083634,-1.77047551651009,-0.368802607123082
0.579724851813273,1.38034836165419,-4.47603101926498,1.75845446746469
-0.976192543201222,0.574870507927917,-0.625367927716506,1.0115679798872
0.176018504144795,-0.0992925229504392,-0.366855537590947,-0.270761694609576
0.0788936214037206,0.0918173254760069,1.01479232471676,-0.528946228443256
-0.271385424009727,0.906805055948001,-0.805309846532636,0.165709538519282
0.722903186746565,-0.214974762551447,0.182701356796214,0.430151444054732
-1.29400426121349,-0.986689194334358,-0.206146978293701,-2.92170628864696
-1.92488020453917,0.221039182240429,-1.58802067552398,-2.70591476593766
-0.309342526263403,-0.158453428588395,-0.0706626719807404,0.0803657007352346
0.0738415600896362,1.90689182408054,-0.365447642178476,-1.55925167719548
0.466939841172282,0.77078048506727,-1.53757459666805,1.03813018980418
-1.06532798623919,-0.478312733563043,-0.92350114277088,0.83756167611434
-0.426185084146551,1.75677226926363,0.540082970764715,0.0255244027631588
-4.20324864862798,-0.776131540942746,-0.499247457905749,-1.79555669536253
-1.73173972103409,-0.195197702791296,1.76070429611394,-2.24643824980323
-1.44147686849143,2.81231658759149,-0.781481944926171,-0.143699281039203
-0.840377822223272,-0.51203255594677,-0.123824649081149,0.87460356889031
-0.130276218914883,-0.28616411175622,-0.613564958363639,0.123354416021258
0.139768948809671,2.60584981284945,1.17303946703281,-0.806830327024445
-0.316321939935144,0.000331026199007731,-0.467042639387894,-0.0294272838026355
1.26366974405107,0.653949653934983,-4.24448109337089,0.723835474281487
-2.36017578003575,1.81811379373775,0.66244125117541,-0.30347678237056
0.344291753170569,0.482309528228986,-1.13321596260799,-0.371265020124182
0.364762930089767,-0.0137859614611923,-0.0143033216599458,-0.277361060134745
-0.114528938460554,-0.582775750329449,-0.887334325337015,0.678251512596892
-1.54300967312964,-0.314203038930168,0.22655296799552,1.51005465027431
-1.01055862208875,1.29004605852205,-1.22873581988405,-0.528944646241009
0.497222041883749,0.075805397030384,-0.315127689087816,-0.55828216692263
-0.352239869719544,0.864056111716143,0.523161596084541,0.679410415604582
-0.745098390882309,-1.43113018585563,-1.23655482524474,0.203013215958849
-0.869606817771124,1.87220474985714,2.10961080639308,-0.23129914453396
