"PC1","PC2","PC3","PC4","PC5","PC6"
-2.67380714203787,-0.615530838310455,0.186414671919155,-0.0519491016314011,0.784726539661398,0.186710858448719
-3.00011574007906,-0.54768219610947,0.162022799826198,-0.237525827390961,0.488771292811995,0.0574956055438596
-2.83756459585641,-0.410908539496552,0.417753862433549,-0.119972104039371,0.528026226189714,0.122925916178716
-3.08609814593316,-0.668472476878506,0.294839254649098,-0.327269951181709,0.47894563405873,0.106447680636554
-2.93665753103978,-0.482121304830619,0.141887089192419,-0.283204863898417,0.361708676703964,0.0464695561039731
-2.58005687497129,-0.615830249477337,-0.102299347649016,-0.259845485001865,0.338498901405062,-0.0623279516261055
-2.82289085866474,-0.314308595538976,0.116228127463338,-0.212376973967992,-0.0526678360317994,0.00678538996435809
-1.48012140109549,0.891021829271144,0.135908439275591,0.472510820521285,-0.762177754091255,-0.206478771188042
-2.95299636236867,-1.16977290610034,0.175198990759391,-0.262265736346651,0.0649273834760695,-0.0716787817523781
-1.92345749105638,0.396816411051979,-0.51039577140793,-0.190650229370163,-0.0148504722591982,-0.2002480621929
-2.11141576798198,-1.32698848698174,0.444185781936613,0.114486786748534,1.33076407488594,0.463668607404544
-2.47543170885742,0.117090887739753,-0.0557841283173016,-0.153387885473414,-0.196397026931139,-0.364402893138708
-2.79717388777656,-0.475049833009816,0.160453298030154,0.0288414186496062,0.674871852201606,0.0903424714755325
-2.79764542243587,-0.90755524122729,0.355369343524994,-0.0876755498025896,0.805933187993541,0.132805024062543
-2.57512883428527,-0.344967824513853,-0.0453147026745409,0.0680579877291082,0.354619734953812,-0.0601890056772114
-2.66772449218356,-0.197103811123872,0.102621094571227,-0.131274339110277,0.343197671654933,0.0192529842875766
-2.429738068323,-0.593962855703092,0.129017606956785,0.162833750783206,0.377268482707605,-0.104224886173328
-2.81112330656038,-0.390709413195242,0.161042354319708,-0.188423008678803,0.247192377043173,0.0456906199386008
-3.08609814593316,-0.668472476878506,0.294839254649098,-0.327269951181709,0.47894563405873,0.106447680636554
-2.43568557445163,0.0397603182429117,0.195811682163889,-0.313173952624607,-0.043473274853281,-0.36420881636086
-2.78229161238108,-0.679180740452361,0.182691852125166,-0.10361731015203,0.681594605968606,0.111892389185759
-2.99640424858018,-0.522024722474256,0.220491685327819,-0.280132630730046,0.409860441057778,0.0526302133816699
-1.2756572601761,0.773380149746953,0.0626824424485804,0.526236480992909,0.250566278858132,0.19463405313224
-2.62571918628304,-0.558759024536188,0.0954144248408544,-0.0351287207882154,0.400387843314058,-0.267073552296774
-2.62869908843091,-0.165870504807473,0.432869183439861,-0.340084211598537,-0.219460986904505,-0.076132611314094
-2.51585817756643,-1.06217722315835,0.545864271589769,0.0427904984251135,0.887573377307675,0.261097762844688
-2.98464355346537,-0.73344476407186,0.360384900942632,-0.241395526317218,0.594252772961221,0.15033233169108
-2.5055194686198,0.0962174398157645,0.334086842825629,-0.210740977099028,-0.460423966429639,-0.13217993403277
-2.82322563051944,-0.495475962694092,0.022026186767887,-0.166009581501611,0.360388600106109,0.0230808502688629
-2.63670772287999,-0.291933495824659,0.0937851885873057,-0.0108535097725681,0.261939562858467,0.0332882180748008
-2.57677546193621,-0.0167431229268964,0.240110115920003,-0.13670076064279,-0.287627496302042,-0.198817929459659
-1.80092666267016,0.0780827542392111,-0.519192676728252,0.760975363413499,0.472976205075502,0.455338536536664
-3.07385121551677,-0.729625668488378,0.260242778084698,-0.315744607946726,0.427063114706636,0.101418114408569
-2.10887222396244,-0.297147842720857,0.265537902846737,0.473282189896983,1.18085798917886,0.439581393365016
-2.73167371360896,-0.817172759576395,0.142417138654661,-0.0632560784591787,0.738063927155555,0.131882450787987
-2.91535359867918,-0.917600816573806,0.17435971094098,-0.30285692812895,0.531699914065486,0.0964110431390956
-1.87148213738229,0.590269551138465,0.0874295774805767,0.627821564973526,-0.827750562530461,0.762826044054867
-2.87453708334854,-1.12728803071842,0.10404060267991,-0.262872965516392,0.294223201363457,0.0889848780899901
-2.2182377332488,-0.209866504605917,0.483129173070258,0.433951094846455,0.827422747468649,0.318361795703996
-1.95017248612091,0.285715101054136,-0.408335200988022,0.0571510780044428,0.494640729113576,-0.144941642369309
-2.33184359221795,-0.586623525791653,0.607484882401765,0.164477070368526,0.952221505500251,0.278966416145401
-2.81307454518915,-1.05013053961061,0.293195037234795,-0.334655554210212,0.523217951314904,-0.0775527516744502
-1.74487260592278,-2.42163150942253,-0.133776660366155,0.380115463230127,0.835528549563301,-0.334895890926073
-1.8839119704594,-2.34554555409948,0.676982003516979,-0.0303593118488451,0.324601771782869,-0.0909944925216628
-2.78736525009207,-0.351819031321955,0.153184883644523,-0.123301979712432,0.459059924968285,0.0174911450468624
-2.98532200789941,-0.731932380693347,0.358978866630074,-0.239570639110481,0.591215274761981,0.150388094263478
-1.94854365236108,-0.133809458389084,0.886209654611161,0.69105524702018,0.957056409028022,0.398705065282846
-2.98720591758817,-0.553488172421439,0.296990413164126,-0.222462056218381,0.514097565899035,0.1473732055308
-2.73251365877034,-0.580096870133818,0.121080528735153,0.0553851860649083,0.641904748551734,0.232601714063464
-3.08609814593316,-0.668472476878506,0.294839254649098,-0.327269951181709,0.47894563405873,0.106447680636554
-1.94143478397417,0.296265518067184,-0.294161953593584,-0.683246643083111,0.178700790101008,-0.224920773541566
-2.65314336471278,-0.370045232133723,-0.00389035380565599,-0.424330215442185,0.0111933903810614,0.0388441313755305
-3.08609814593316,-0.668472476878506,0.294839254649098,-0.327269951181709,0.47894563405873,0.106447680636554
-3.01976379330479,-0.557927731846688,0.261660695647678,-0.300132051209011,0.317389811649378,0.0624317983024905
-3.08609814593316,-0.668472476878506,0.294839254649098,-0.327269951181709,0.47894563405873,0.106447680636554
-2.41361995030254,-0.257058846646954,0.26379792282034,0.31394388710302,0.436034382607745,0.0631456177005991
-3.08609814593316,-0.668472476878506,0.294839254649098,-0.327269951181709,0.47894563405873,0.106447680636554
1.58277644244641,-1.51464325846541,2.41183895227972,-0.815300545978618,-0.109492865609024,0.192402522240067
0.150887488252617,0.252570111750339,0.859626895221581,-0.221204248042976,0.138190243268837,0.840891146737832
-2.35696407186462,0.272070931135597,0.0976217526491596,-0.140987921683915,-0.461854713900466,-0.323904414603523
-2.96309477012693,-0.418276454523237,0.340352466826127,-0.431212949740412,0.112307465605545,-0.00316490728159106
-2.23478118742438,0.40426569372334,0.0051666655464628,0.268008586159497,-0.0278691682053755,-0.145754551773676
-1.87894348806713,-0.396832234928317,-0.326856125096126,0.763879621254909,1.04363328991246,0.106195596957437
-0.395576165320039,1.47728561020824,-0.244667270668074,1.25022172815283,0.0332452408300273,-0.32968962372237
-1.92563708192316,0.755519031383826,-0.396635618426503,0.170310306240398,-0.302876744317911,-0.216280862873653
-2.46813709524095,0.151574852347952,-0.110288447514679,-0.142473007292002,0.102838331591675,-0.426840064500609
-2.53757972203635,-0.135989067935804,0.0266853931908102,-0.0872444279898933,0.0946055793523707,-0.459264040700389
-1.96180042330003,0.263347190610266,0.0792747981101233,0.248167490677398,0.194594743743255,-0.0164059830795431
-1.31587286951398,1.0161018153507,0.513605077109626,-0.795123761992672,-1.12956247451135,-0.393763954986957
3.25922110617494,1.02773592414686,2.76420805708443,0.618815049075206,1.61417169738262,-1.77696110082228
0.115544673049492,1.76311578151711,-0.134335149608485,0.207090273646073,-1.64454206485808,1.39577009401433
-3.08609814593316,-0.668472476878506,0.294839254649098,-0.327269951181709,0.47894563405873,0.106447680636554
-1.57099155197711,0.506403403802202,-0.259369459947393,0.525539356628293,0.154145396081111,-0.231950431577207
-2.10282699443849,-0.864830681569376,0.495512537789965,-0.202959077110331,-0.606644148993359,0.283906040135442
-2.51989060048274,-0.524038189238158,0.176613002449257,0.131906213149469,0.530302217849709,0.135930263783678
-2.63318660160178,-0.0762353273024963,0.266141287873925,-0.324852149694147,-0.299898031423107,-0.376353999329155
2.82831572455205,0.329484709775194,0.859019366143539,2.58451882610469,1.05577456957973,0.0029105393511744
-3.08609814593316,-0.668472476878506,0.294839254649098,-0.327269951181709,0.47894563405873,0.106447680636554
-2.29294026564393,0.258736985577027,-0.349749840690812,0.247840551480221,-0.375657239199885,0.00563064450041225
1.64804337235054,0.708526592783993,0.699251660794743,0.718214389388183,0.94806865588284,0.53293732692386
-2.24425058241623,0.281175994657358,0.29092927338196,-0.85934843557804,-0.690287847901031,-0.241930669125508
-0.901728207608816,-0.328363645864837,-0.913666045365291,0.0511865619540985,0.83397533828497,0.537612427964921
-2.47429192330849,-0.121656621837982,-0.0976618802851474,0.184830592493865,0.279464139325011,-0.00531808014576919
-2.55425980164599,-0.382314403212048,0.141813790069131,-0.458793562825831,-0.343478773809652,-0.334744500687125
-1.92293475328695,0.0539342443997616,-0.113724915593966,0.713567233008924,0.978565781761874,-0.238761292752323
-2.70804721194293,-0.530601300228769,0.0321720308097376,0.0411791142035511,0.308833906458304,0.040904655708144
-2.15912446758234,-0.125248928211053,-0.273376967161401,0.584524447965448,0.728490760343008,0.0819425278454148
-1.95806862050984,-0.367537672151717,0.205852394581627,0.220556284413086,-0.218360274120707,-0.036581346397928
3.55334349585541,-3.25963556480684,1.39816804057773,1.33507765394097,-1.27513102858878,-0.927274220043197
-2.99873075825196,-0.934416492024935,0.138183435512133,-0.2613524360465,0.254782061723377,0.0810922055928113
-0.304111287332981,0.127272422178402,0.0165065993169186,1.00741849980946,1.21106025305632,-0.268987119842461
-2.4663217877117,-0.324554901479476,0.290355042256468,-0.199976689047975,0.213644828409227,0.101685729729284
-2.56727991550278,-0.0958667789835696,-0.00169352481886645,0.0893271919086033,0.314951929137777,0.0333205342226131
-2.47708457779676,-0.552420204460154,0.422482807360481,-0.0948818455174942,0.246860717973605,0.0676106189917665
-1.53107219554036,-0.647720530865839,-0.102940714976323,0.152752892617327,-0.756474547695289,0.974673211472165
-2.60581162708396,-0.478120103375648,0.113406749614333,0.134244504603422,0.432329774528342,0.105046109210982
-0.644212260096509,0.784936079963631,-0.194429870442125,0.355267467305535,-1.32597873411427,0.365274261825029
-2.77260738576046,-0.456149816357907,0.0155366298139771,-0.0853995485304303,0.257750869541433,-0.00056860948507852
-0.515849214830977,0.665621815935136,1.35598091042053,-0.163215274441658,-0.275578703451206,0.379553494307486
-1.42712672755053,0.00717524851957512,-0.904321724402972,0.537530870245014,-0.419002777665345,1.11316510434589
-2.60916678881961,-0.315520269001607,0.124598896373655,0.11943128687965,0.484310545337589,0.172909972685092
-1.63592143357841,0.834167989025384,-0.213884504417187,-0.0918681133006249,-0.901782251866614,-0.945622576448738
-2.3590120672913,-0.385572442293128,-0.0498348937142635,0.0150061849537969,0.715201227573816,0.207714292021243
-2.7771858539819,-0.38753536675201,-0.0207624536767872,-0.22063350175201,0.284135765567299,-0.00719457721755699
-1.94172620635953,0.189793179627247,0.379526851159039,0.607274445786259,-0.366578111434879,0.391807394511233
-2.44054621608473,-0.399624426920223,0.155680688281006,-0.322139632921408,-0.276111056817487,0.0144501291162568
-2.89942967724108,-0.404061115723887,0.0936575877085517,-0.21431488277055,0.275096827392794,0.0127441319321156
-2.20028696275286,0.0992367430084937,-0.0189145606054581,-0.545243766818589,-0.693772452353293,-0.354090748868538
-1.58025540399845,-0.701569396310787,0.751165737529398,0.0444408515165209,0.734056721784579,0.399981969635305
-3.08609814593316,-0.668472476878506,0.294839254649098,-0.327269951181709,0.47894563405873,0.106447680636554
-2.75218672022012,-0.565025402858555,0.0751548319615259,-0.292060321439674,0.0889227650401698,-0.0297517514247318
-2.22225169947219,0.215093116951695,-0.543529636717178,-0.0978565769454508,0.48462564689919,-0.0386944530491602
-0.83569432235863,0.321480006228426,0.73367241136665,0.57027148819128,0.28056789626872,0.265168611268587
-1.29882344714761,-1.04631516856032,-0.101763432512046,0.237158415424856,0.224652831043588,-0.128882523128627
-2.42242398347205,0.0129650001549989,-0.339603847666115,0.0128421934443078,0.31884860785593,0.0170272284187131
-2.21899607706213,0.381904822395096,0.357722835354299,0.00159778182350902,-0.424248510608526,-0.499121379442347
-0.0521094185832158,1.51087626228313,0.322568983294389,1.2342072069194,-0.504357806215441,0.76716785387982
-1.16410146326544,1.2933514240838,-0.80317944210758,0.318834605250803,-0.534292037855494,-0.3142981495131
-1.31747244920766,0.774402406402449,-0.712213262478627,0.155036967187242,0.110380131137426,-0.261686524387378
-1.51213489840043,0.143131232125882,-0.771850907970617,0.982747557153695,0.67570433965673,0.0855757279443542
0.478659998622485,0.524364667420258,2.05969342301675,0.819739364185244,-1.14714269312641,0.469214600087706
-2.60844230975005,-0.0694241186001514,-0.0354901180052807,-0.0139329445071274,0.234907233256557,-0.0425604697392197
-1.29694539051549,0.549798818824218,-0.0764748211521525,0.380976787104932,-0.133063580470435,-0.359028467847003
-1.44431275745036,-0.682869310108961,-0.575758148298309,0.52993121165868,1.0397973066536,0.177057926112584
-1.04490848084061,0.737493845006905,-0.675721965219205,0.65968785396193,0.607676306168044,-0.802200373639806
-2.97671422733116,-0.688601566760748,0.323255260296691,-0.24866821162855,0.609090170581743,0.19098612908227
-1.05077702408178,0.439744637395429,0.11465230683167,-0.180973339570244,0.398186757201969,-0.00177952211871984
-2.16636563688075,-0.69486812983229,-0.113213870554839,-0.0120845300676398,-0.976222733695031,-0.426975983821748
-2.55413784298891,-0.382807773194403,0.172757742097545,-0.23892191127865,-0.396250160173606,-0.146287228692781
-2.6122194043541,-0.203055329400439,0.255836660217655,-0.0398992311413158,0.26365231892236,0.0934851321375583
-2.13099198963935,0.0881404943355845,-0.381156279904137,-0.348466543551995,-0.642850284264413,-0.431519135753907
-2.67799983173357,-0.356445995424119,0.0289890674623498,0.0191756273069198,0.213479887751836,-0.031646929083555
-2.39232438185991,-0.560956573138617,0.0798492526042425,-0.367666862750788,-0.459057345572949,-0.381468387617182
-2.26439418948556,0.30284286103363,0.0359926883946903,0.0998799766223267,-0.282202807228457,-0.28806632169752
-2.14367896707917,-0.127932837639808,0.135775622044595,0.205607408230291,0.244318363295995,-0.463978912680182
-2.33702139877862,-0.689013477099794,-0.0436482148413001,-0.517035484930581,-0.605148824220028,-0.703848538897056
-1.05120219686526,0.0487796848073091,-1.32559853131662,0.27715363381766,0.91386352937235,0.248649177176288
-0.313353486522058,1.37600402255902,1.06382696726912,0.286584559381248,-0.545106663111725,-0.0852619190901491
-1.66292783863003,-0.236654432454324,1.03107436196629,0.211083799014837,-0.185582472519045,0.134423169356291
-2.76279065703051,-0.467091466540712,0.0600466457459278,-0.102624600897661,-0.356489509599083,0.108606364906278
-3.08609814593316,-0.668472476878506,0.294839254649098,-0.327269951181709,0.47894563405873,0.106447680636554
-2.53227773347533,-0.123049578722182,0.100127721423562,0.0163887634705818,0.167032877737793,0.0418374429870949
-0.273889197727428,0.151237995494781,-0.301143259743333,-0.465172059228296,-0.370736702496547,1.35363704898323
-2.51043915385419,-0.944496600360226,-0.171642270971007,-0.429142254537748,-0.355926974441561,-0.409139914693458
-2.68636492590295,-0.587237002506337,0.224439383731602,-0.0938736393619823,0.418618930098696,-0.100141204892998
-3.01976379330479,-0.557927731846688,0.261660695647678,-0.300132051209011,0.317389811649378,0.0624317983024905
-1.49694020061008,-0.0355275108501147,1.46865722941643,-0.736794716427713,-0.0559198981385889,-0.350991004528926
-0.585331205508497,0.375848200928396,0.541601117395037,-1.0082894309178,-0.271267892614821,1.41280145654337
-1.52760648210644,-0.184925609933988,0.921649229334858,-0.140988075122295,0.227077437963762,0.480965824651176
-1.18332952673424,-0.0255876509988597,0.231251997583789,-1.29073529642475,-1.12939372220942,-0.0964638417024064
-3.08609814593316,-0.668472476878506,0.294839254649098,-0.327269951181709,0.47894563405873,0.106447680636554
-1.24017955490659,-1.11198625192538,0.213431207175753,-0.629954147603672,-1.10900825303567,-0.849856315919948
-1.55781761610556,-0.991567700313558,0.057952357451715,-0.0260567857876963,-0.624746722001082,0.6927238150777
-1.33485139575774,-0.043885494783704,0.424185489840049,-0.336334694034457,-1.64332124279371,-0.0445006733700947
-2.779483481166,-0.762836778268271,0.0586512124919027,-0.166829410740062,0.158529866357989,-0.00585770633236012
4.07905342442568,-1.14278585155529,0.52070160396093,0.267840507274851,0.102058007544069,0.379456859258792
5.31472383518352,-2.23397726125915,-0.485448984363357,0.148988204008033,0.182442186215882,-2.01896667405649
-2.2939958087701,-0.590951061953411,0.136101684083326,0.148380864330225,0.904220370958041,0.348204954398496
-2.4200387496648,-0.32894732077143,0.00121730746448741,0.177313510077659,0.712494641353769,0.199627493654708
-2.50138901534564,-0.178093999396187,0.430582562116081,-0.421375024004168,-0.521721655792562,0.182170938918053
-3.08609814593316,-0.668472476878506,0.294839254649098,-0.327269951181709,0.47894563405873,0.106447680636554
-2.84589481151519,-0.413507639174989,0.346499263746387,-0.475408747658414,0.0763783995251033,-0.0214334204435458
-3.08269790549766,-0.65565736671848,0.306047636234457,-0.345578235467833,0.453452917718632,0.10127150882101
-3.08609814593316,-0.668472476878506,0.294839254649098,-0.327269951181709,0.47894563405873,0.106447680636554
-2.24594480114887,-1.09539861142388,0.758896951105372,-0.0346592004581666,1.09732436367314,0.441895232667303
-3.04130411153044,-0.76222420113865,0.241116065740185,-0.275528803355379,0.383080211263947,0.166982417363241
-1.91813239838481,-0.211716682353339,-0.49071419068068,0.213108793487359,0.115971296090118,-0.133433826718553
-2.65982336533236,-1.38169446813268,0.064313677023802,-0.19589470566535,0.341477119981524,0.0669117101385623
-2.76073851342835,-0.76858537236611,0.524179447752316,-0.15946844917679,0.799838849188801,0.194984599944537
-2.00013768270271,-0.503298522488522,0.419756398437562,0.0239086249175658,0.222718405147948,-0.0947758076335083
-3.05832257225401,-0.598498419738605,0.248465005438717,-0.358883795225055,0.408553058570589,0.0499456926196127
-3.0287918886954,-0.809788729904327,0.316944297664855,-0.323247009242979,0.368232675549491,0.057962529998852
-3.08509130652019,-0.670575429584384,0.302921961178662,-0.325980823725672,0.481161848885273,0.0935828204326626
-3.08609814593316,-0.668472476878506,0.294839254649098,-0.327269951181709,0.47894563405873,0.106447680636554
-2.57332033341097,-0.935653727184166,0.592993650792503,0.143201456557663,0.756752732115129,0.447708194644361
-3.08609814593316,-0.668472476878506,0.294839254649098,-0.327269951181709,0.47894563405873,0.106447680636554
-2.90672515398219,-0.376838166951299,0.366501192313043,-0.433361551880259,0.00442115512402347,-0.0892257247665723
-2.73040976948081,-0.825332345203811,0.617654913649726,-0.294642170514065,0.766428238843988,0.131255154957854
-0.956441236178324,0.539999026986355,0.380638170528679,1.31362357811389,-0.0599300907209366,0.543627221122661
-3.08609814593316,-0.668472476878506,0.294839254649098,-0.327269951181709,0.47894563405873,0.106447680636554
1.95409983465031,-1.69972824146952,0.658310565745786,1.05404663876176,0.100222528500641,0.689182771043833
-3.08609814593316,-0.668472476878506,0.294839254649098,-0.327269951181709,0.47894563405873,0.106447680636554
-2.89315597350642,-0.403975802681543,0.273210083405538,-0.281957219787765,0.641701145323817,0.179371746698354
-3.01976379330479,-0.557927731846688,0.261660695647678,-0.300132051209011,0.317389811649378,0.0624317983024905
-3.00011574007906,-0.54768219610947,0.162022799826198,-0.237525827390961,0.488771292811995,0.0574956055438596
-2.24572246049629,-0.715295954948535,0.082895789105047,-0.0235718491571682,-0.052417571209317,1.13090850673175
-3.08609814593316,-0.668472476878506,0.294839254649098,-0.327269951181709,0.47894563405873,0.106447680636554
-2.3981372703731,-0.554540380960929,0.511016974857208,0.223457528626346,0.593467138988274,0.218515871595494
-1.14851207455136,1.06249553209881,0.860618439223229,0.392231701134336,-0.981276038267699,0.384813048465004
-2.75265840330768,-0.565657167601557,-0.10658947970356,-0.234392732729356,0.530959102550297,0.128127743054738
-1.89044425028607,0.715118782285749,-0.03399773133497,0.286084192702924,0.0217649586882726,-0.795809467328577
-2.12480338248086,-1.32538413018026,0.110091647372096,0.0503205025461908,-0.656106322980555,-0.396856911767713
-3.08609814593316,-0.668472476878506,0.294839254649098,-0.327269951181709,0.47894563405873,0.106447680636554
-2.29950988874552,0.209606242512527,0.309116868448268,-0.251776570204807,-0.424211046267422,-0.417513801612582
-2.61215794111107,-0.20212670877301,-0.0653389650437873,0.0272861896107728,0.140458994094863,-0.0229961736018974
-0.271170866736955,-1.66336943895979,0.128392897879145,0.933243490435009,1.07957476969467,0.248691973081644
-1.85167669042195,0.278334254202387,0.184753260306869,0.160413978141111,0.17381753489257,0.686336097357456
-2.69554651516671,-0.364247991322848,0.434592773921121,0.0555665702993272,0.451530065713906,0.354164841779629
-1.37705528006947,0.346250741277162,0.364568965369635,0.247965181179465,0.180944771907519,-0.541361262952837
-2.17700798725097,-1.20727801924384,-0.233163775926253,-0.124581091692851,-0.982516207678897,-0.354302404623403
-0.615097008229226,0.930326102938078,-1.13337988652286,-0.0722766902026256,-0.943796482240171,0.549974912183558
-2.96757864854559,-0.582247822548385,0.0710299485116219,-0.623892367995786,0.57807142980314,0.218361303967982
-0.062809472912119,0.555783966448771,1.14083774157356,-0.471936694297474,-0.188273629195215,0.280795307698814
-0.746920232260221,0.837308758283902,-1.55671934761981,-1.03166983876954,-0.842400981748584,0.512591360046698
0.397311654970776,1.57624168294484,-1.20595275432512,-0.0665448800601139,-0.219400634574997,0.68268648188406
-1.42329909139648,-1.05516692016717,-0.796828872868336,0.331517280642088,0.175465567436486,0.131147361400633
-1.40763416862958,-0.711748957826523,-1.67958007123747,1.06098802030755,-0.323540301626393,0.671014161606554
0.868643552911077,1.97848551150294,-0.738683856125945,0.287629279489878,0.835486226403139,-0.79082078584988
1.77677869527859,0.634056657043057,-1.39789612795034,-0.831406823067502,0.712244783630236,-0.644751258113895
-3.08609814593316,-0.668472476878506,0.294839254649098,-0.327269951181709,0.47894563405873,0.106447680636554
-1.4115755478326,0.404761840142629,-0.17307301763721,0.371858609299688,-0.802104439399374,1.01465517481601
-2.30850309599685,-0.612233445774093,0.877995014602622,-0.279860759551653,0.783612846981356,0.52231672792964
-2.95107493251852,-0.742440053105273,0.325935179027029,-0.292190913831356,0.642843116718354,0.183649790687934
-3.08609814593316,-0.668472476878506,0.294839254649098,-0.327269951181709,0.47894563405873,0.106447680636554
-2.82532410573543,-0.311426498546085,0.340465506523457,-0.47375854892568,0.0118076750772234,-0.0447420881082812
-3.08683608839083,-0.670627124111282,0.289992176066729,-0.332694470512434,0.48323158859133,0.109303132198079
-0.281299228733437,0.743536812452632,-0.0313648499349773,0.672022069812598,-1.43553328062221,0.327085828609924
-2.24652554222717,-0.324434223076718,0.380522259336165,0.486562734552518,0.390198331658387,0.813267463811355
-2.59048812636349,-0.0459189407311045,-0.0968883622176414,-0.298605018657938,-0.249635795418903,-0.0547204234761118
-0.276705423845039,0.100166006964095,-1.41279186914302,1.46277834801939,1.21864838997117,-0.223362194348279
-2.16230879504791,-1.92082670016866,0.124328865727479,0.0818548815757092,0.539547035061509,0.0170660568015342
-3.08609814593316,-0.668472476878506,0.294839254649098,-0.327269951181709,0.47894563405873,0.106447680636554
-3.07415425854935,-0.680709571103768,0.237252499771909,-0.379693807926538,0.473918058065475,0.101436056221623
-2.65562352691097,-0.413200641370983,0.425006883234803,-0.576003275501666,0.153171187370268,0.0190512277725185
-2.37301421381623,0.189282144752275,-0.121457007645316,0.0402335396320086,-0.0473186772280061,-0.194597399474601
0.94979033123666,1.57816934015952,0.894463397879403,0.527733093819668,-0.466219602385345,-0.480127290311217
-0.359785886012641,0.5867726150317,-1.66605134458144,-0.203060571903133,0.0669012478189278,1.22564544367998
-2.70570281764584,-0.046460066317515,0.117829702083385,-0.28334486910349,-0.329814722687373,-0.0299940564435584
-3.07089382524979,-0.685788302657554,0.321429785787246,-0.330351622086588,0.479297146821287,0.105235483843135
0.470788762630645,1.35869029805091,0.298935472344636,-2.57011997142228,-0.148151873657581,-0.721771098803766
-2.38608121758227,0.286026018634686,0.104935857412316,0.0427699821912462,-0.395888113458513,-0.271253290480865
-0.351056383009967,0.407453199204407,-1.75645365987914,0.713851402708625,1.03452517577075,-0.998641409989763
-3.04140618067602,-0.697978058811685,0.189901909606378,-0.430307416425068,0.497995620085611,0.112439230381439
-0.103199726010924,0.312810437540499,0.342473017727756,0.22081481090241,0.823025579000211,-0.279597524356058
0.937123783342969,1.2148708098386,1.67346141390597,0.859834820423382,-0.311500558221834,1.00119583568583
-0.329943892503123,0.96597301323485,-0.98081024112905,1.61802953601239,-0.0196189269800532,0.873526364364368
-2.90227008259888,-0.502807640738066,0.00593686192827283,-0.262213513776896,0.444561343428842,-0.0500398707358365
-2.24172518886075,-1.98121645389645,0.321747288671332,0.0117077680302352,0.274697383742683,-0.246515518116308
-1.92046452431448,0.559915679519326,0.337015430652416,0.0789968042906977,-0.503941814165513,-0.295782867525759
-0.0779702526990022,0.513518190017739,-1.43346699763999,-0.141235222714631,-0.508060725397701,-0.55923682989307
-0.168494238431741,0.625838725527433,0.534428002164523,1.67035241300625,0.652960411200426,0.43321024646603
-1.0209324978156,-0.251382437479883,-0.352002515034722,0.588436277449027,0.563047127625423,0.224071691374245
-2.51469898777639,-0.688391936777603,0.4003189124635,0.147131425848215,0.221304598725152,0.727635049542667
-0.555425474069392,1.27616418483526,0.352701574432065,-0.158347451469803,-0.23010385334693,-0.181375196125722
-1.82671518566852,-0.450692313124368,-0.452533967305942,0.398411070334318,0.850136342283414,-0.0156096567906992
-0.563180959014931,0.913400242426959,0.236719619945994,0.392967140996288,-0.060867843583447,-0.286698008939819
-0.925088763449638,-1.66065040783116,1.00230011841381,0.410339376840293,1.76707479974443,0.833339751828501
-0.642138386299631,-1.85803124117094,0.100954831609844,0.858710366523861,1.40432936782201,-0.356437023519043
0.900894720906567,1.0687122089342,-0.0256173538442752,1.96896762213512,-0.833626938780407,1.10279177122308
-0.4676362569532,0.147465839390881,0.199258684045714,1.40991176625244,0.338624675726723,0.166869890574507
-0.0451157238368623,1.01648858559948,-0.541204141801199,1.68490769763432,-0.67396737393498,1.5119528052504
-1.47765072879031,0.876290139540734,-0.690393938704414,0.110327865163146,-0.430879465141843,-0.814115135467722
0.0442696134184113,1.50898816866654,0.611527702869053,1.16496857424194,0.409081231304593,0.252201553529774
-1.28491276333374,0.13538310898539,-1.38332412834467,0.849833535505243,0.153546416432728,1.31651154052337
0.433671382052846,-0.139057056477894,-0.396667176339024,1.27428102231701,-0.0049599386732574,0.0271198139484564
0.301675183231623,1.48472803261008,-0.305035385692489,-0.00973008038716862,-1.24662907571627,-0.954105692423656
-0.0484246118797053,1.92860438248946,0.0549414007319169,0.913783212805145,-1.38658345882433,0.698058046876648
0.659385703331217,1.65697106095018,-1.03444538413503,1.19659174277287,-0.0124148586960599,-1.05620046123284
3.17688096406526,-0.0789258496283425,0.251937530712463,-1.08645048287616,0.34221792733809,-2.06904577546156
-0.715248370771935,1.2428639743419,-0.15036725431536,1.06468235722035,0.0329308522177311,-0.0935700119992846
-1.31211000909874,-0.719506034692613,-0.0273865141156446,1.06041426698543,0.386241780739313,0.728149070009854
-1.93526766041018,0.657190690176783,-0.0453590618901724,-0.108304071243726,-0.143278630924178,0.0865845854073044
-1.48574828723176,1.0443299601488,-0.364071669442528,-0.457877099335188,-0.767654878634487,-0.267727762510123
-2.65599903149589,-0.319321929263273,-0.169165595230471,-0.967921367498501,0.926425415534788,0.0982973469420825
-1.74820259132632,0.305841108341601,-0.0270211070340092,0.846187491017597,0.479445187124448,0.00647288429415688
0.08800331068985,0.119307892649373,-0.037334703718343,-0.13843938677546,0.917730167075716,-0.688347342679999
-0.869159928833461,1.69223374264065,-0.775966116840128,0.377263440282666,-1.37240345403834,-0.501443304644813
-2.75701168482526,-0.289826379466052,0.00911574438104674,-0.282327327954024,0.523264562313766,0.0278286559418639
2.92758942554565,-1.14593799412883,0.824127117111431,-0.473534822458626,0.673313510436455,-0.914265545473534
2.31329872439628,1.10202564511068,-1.05569381175797,-1.28225661741035,0.159100339411162,-0.24559364622587
-1.52312839663737,0.580144837278224,-0.775420643135021,0.234953351122454,0.747420122721128,-0.602076033752391
-2.42677849378593,-0.0615745183768504,0.558713328914067,-0.38748000204646,-0.440019685679553,-0.0566382836826165
1.59905954125466,0.128774674300418,-0.861076423849096,-0.525859425184854,-0.729936723193979,0.285049233525798
0.596296275867485,0.180384226050144,1.76354865584262,0.779651426367684,0.248359034701276,-0.724543184431094
0.615583118926183,-1.6306971523138,-1.81871530204969,1.0732223152755,1.42032209230852,-0.0972927454462166
1.16215044569643,1.7902814024762,-0.450888802796501,0.186493779754843,-0.245251087844582,0.981520108709672
-0.887167584754996,0.759373230966745,-0.516337535358811,0.717556366262701,0.695495080066102,0.656797619292125
-1.30818289363249,0.423644916693446,-0.472547787912014,-0.124734487283425,-0.634081941130568,-0.180572552912059
1.42182954293669,-1.67418940441793,-1.9892888345731,0.0441982747379209,-1.01767472157586,-1.44086322420882
-1.45236443914073,0.376123472614422,-0.373404971827328,1.29379269186995,-0.30588675883362,1.45304223060547
-1.16217522851451,0.906951447260865,-1.79951524458852,-0.694165718161098,-0.201046377131325,-0.199591029247592
-1.13579436337435,1.24316911431734,-0.152287587502686,0.0159283210236746,-0.611289282620968,-0.8795849709671
-1.68815029984108,0.0952895587261988,0.236216940926371,0.164398467736072,-0.735346100278663,-0.929463166856283
2.25195290725424,-0.617068422701343,-0.625982404022532,2.68932693158486,0.278118844191817,1.00806288927659
-1.22683303296415,-0.685795561896899,-1.11365281869018,0.501630709886584,1.16872699776836,-0.0618016854954201
-1.38230451943467,1.18595472394782,0.061214085891386,-0.289521501844228,-0.0555373976840844,-0.153721177654299
1.38531480613651,1.14365625251193,-1.02560707778511,1.73264807694249,0.35837824789073,-0.694553683270689
-2.95410370836697,-0.512683380368225,0.156883282916307,-0.333133900250754,0.331664396801931,0.0245480132404999
0.477968989954128,-0.168931328532673,-2.3529248699218,2.26076071500645,-0.0378835353582465,1.48806938878247
-0.0382946311719795,0.863030004223245,-0.393998437562326,1.64980548035039,-0.111925384547856,1.56820690566496
1.87451350931724,-1.73514757185608,-1.05059022846663,3.33444701865422,0.0279464376914368,0.167019842042991
-1.37824721491326,-0.787184139048101,-0.325690907707035,0.832510077713126,-0.559034528898933,-0.821457432785434
-2.14711747110332,0.284118716028556,-0.0780241566960861,0.122855608464454,0.284244031943717,-0.0599125995065048
-1.24612111753094,1.2705187415513,-0.467395616865852,-0.446638175342197,-1.09912542791899,-0.468343835510802
2.18486163585104,-1.56990019668149,-0.227683600488382,3.16996894305822,-0.897300190915975,0.224872862381946
0.332907149581437,-0.456632099402706,-1.08399548979185,1.4890583994631,0.217153081084738,1.4789814787596
-0.367233647318915,0.071810209344723,-1.22115451354348,0.413655322007007,0.435575251128369,1.23517284805455
1.47501740675373,0.886514993930467,-1.46152975902865,0.994568647276577,0.267163637199156,0.191374540571968
-2.23219680358636,0.13093590152922,-0.611248710900804,0.236859124674767,-0.451464903585046,0.200070773297223
0.0803379073620239,1.4014512300295,0.112883216037755,0.457405563292269,-1.24967478730484,0.375222560248718
1.4210087871316,-2.05600109880968,0.826428143471718,-0.567597323159236,0.201970329195727,0.184288135074826
-0.17622780036668,1.25259895902133,0.822599341410564,1.12083623117228,-0.266736362040206,-0.728843067520884
0.477337044837135,1.10395301948871,0.781377079773207,0.806125358018537,0.168251410250527,0.443137671017408
1.27272075665961,2.86558873774801,-0.668748599730743,0.647592843781772,-0.771031801685915,0.0902019964912343
3.70450287725432,-0.777862022111319,-3.61115346054006,-0.187684043562389,-0.0498262414754715,1.26118536817186
3.8749582005737,-2.401256745656,1.6592694917672,1.82619377629519,0.34273923708448,1.95376195379843
0.856388928910669,1.95689931395807,0.18069365885914,0.730215290856795,0.246789594395606,-0.537216139005642
-0.599444632676146,-0.755203986915204,-2.16232303900296,-0.788573663218941,-1.49700992294744,1.4072889586399
-2.06867059518728,-0.151661535021237,-0.301926059815654,-1.20978398074651,0.505075620485118,0.458156063775375
-2.65399297318189,-0.493462966709076,-0.0526849425078958,0.0174022763151439,-0.231535669850716,0.562055779676181
-0.150806902244716,1.42655283807452,-0.18701638346569,1.5080159579572,0.616107703272119,-1.16425136754649
1.01168484825423,-0.582213582539056,-0.149286242622679,2.0137173430509,0.711682240231136,-1.09637604139236
-1.32610282276861,0.983943183046812,-0.176506489859707,-1.00574545462988,-0.599548563503286,-0.167758167225999
-2.73917351170084,-0.441671908213441,0.367549473882845,-0.142919364269056,0.683414966108094,0.00269900437717285
-2.70503724698309,-0.0308464081758208,-0.0713153209968531,-0.141783729820476,0.0507652797115759,-0.140392188595186
3.48383730142994,0.963702980616031,-0.647460648328119,1.77182682431553,0.751795585566136,0.387584663301087
2.1083961028679,-0.352715139754442,-0.742340498926663,-2.60237753667939,-0.444994643545791,-0.578366912164601
1.18621922298537,1.39711751061107,-0.954474394901939,1.40684702864659,1.28445154475999,-0.668468464394066
-0.195347042457966,2.12754300229086,-0.032983019655129,0.368400020068044,-0.8346205006903,-2.00180360204525
2.97736160243267,-0.190582565100953,-0.825984892952746,2.63152730994465,0.292644061590059,0.629444998261962
0.530181162548237,0.637017743083845,0.855206143294087,1.98330857554999,0.230387404022899,1.62948184324685
2.69782466756253,1.22511335474093,-1.12547214646185,1.95435153779861,0.532823178235837,1.31064496361941
2.62539730018427,1.14188644928665,-2.14113296793191,-1.12439656756022,1.92765662234022,0.93933242095617
4.79975254583694,1.3812302147636,1.06588576053682,-1.58526140287421,-0.147963297323887,1.83941266843216
-1.70715456055881,0.873560025236774,-0.735649381484677,-0.0490577587047969,-0.539311492530916,-0.885624538200966
2.97686223576868,0.524294797987999,1.49370425901534,0.879916132720072,0.25145470778286,1.78620215422057
1.49342265567955,0.992716654512239,-0.855163113425843,-0.4317095378316,-0.742229124098828,0.700975915092152
-1.01914965185125,0.678291638721106,0.59645244671542,-0.667477646122656,-1.55623155960628,-0.999883548327553
7.39431067014722,0.922274164543611,0.60595173830479,0.680926748834868,2.41547907971292,-1.18321820673211
5.44880539647383,-5.3588861604038,-2.12784499297582,-0.357830589313982,-3.09540592212928,-2.6794278702287
-0.0249512299879581,1.70769563584521,0.230326147074153,1.43466086345022,-0.364616171784092,-0.269795297233583
0.686440597645257,1.20541236425686,-2.24855759131902,1.66103823499227,0.482650698925677,0.86274631474379
1.93786522840113,0.75086235505046,-1.46313774057726,1.7725613972982,0.518112523062596,1.41192786677293
6.2347570454114,0.650339221330733,-0.514049802550652,-2.92369890448865,1.9756148969947,1.84009159305291
6.36740670875161,-2.23449460077425,1.90235040785625,-2.38718164204934,0.104194865454296,-1.39983483646632
6.84481122474227,0.170630267802323,1.83294849631458,-3.06547194334522,-1.41169786488517,1.56152584903835
-0.284805482979569,1.31439350287053,-0.943291784191225,0.732164005889008,0.494384382299738,-1.83134918407904
1.90921304999067,0.591726127196673,-0.229178564020511,1.17427514776585,-0.369621744992487,0.968461209177712
5.81286633849457,-0.952569105251776,-2.00492068360385,-4.66783362842684,1.5269026569506,1.20644826735645
-2.18285528423057,0.329527962632021,0.339776276598199,-0.814685202489164,-0.824191000664745,-0.514562700721771
-1.12373575906749,1.26581159766443,0.44357848794592,-0.441389809900293,-1.15549285458573,-2.00328556763994
1.39939279603497,0.938283552094786,-1.10359733819674,0.046679626857737,0.166836563343838,1.5533650210209
6.00319235518499,-0.713219113331611,-2.77499122880474,-1.98674670013457,0.0797943036479736,1.62837316293383
2.90496617649301,2.3199735748564,-0.709808549635191,0.938286423907583,0.534094734865107,-0.545459029267394
11.2898693591263,-5.28643292551368,-3.63597289806875,-4.00637928419452,-0.551784187395914,-1.59131639306146
1.06972820534572,0.344204900809468,0.541147339389684,1.39849575792636,1.58723181105006,0.359206326322793
4.8590398969121,2.06933645603754,1.35463160844704,0.603239698303401,0.316005116286987,1.0961663511407
3.19661119053062,1.31679831079961,0.780006767679886,-0.195104276103012,-2.71743620668293,1.55011056289472
3.5059126071939,2.41930891465157,-0.51516433878627,2.20455212014107,0.0147492242528149,0.0651326849533019
1.18155353174478,3.24980292257389,-0.0749343521832559,0.471786291816183,-1.7192934766013,-0.402508877236621
6.32476789279969,-1.82876978680479,-2.4031853973885,-0.228562057973963,0.0302402922465532,0.50507612392022
0.00490886467971344,1.06521838417565,-2.17252345201666,0.185372264990198,-0.959902412633436,-0.501152086471095
0.149193248689044,-3.14365380602854,-1.64096796366016,0.162443052433322,-3.22987925336642,-0.426090727992951
5.13350249064086,-1.02152213568839,0.506090683672476,1.13311271727025,1.35815188987835,-3.17716449484566
1.16745951015525,1.94980275862692,-0.690078190181169,1.38304008808251,0.0565823894788234,0.112429760795177
6.46985539636565,-1.61747012542312,-2.35970752348243,-4.27397900125969,1.66488026667872,-0.398473630766444
8.46974696654212,-0.45149386466963,-0.205651507215426,-2.60148390124706,1.65802336116518,1.67271274547346
3.40474205530461,1.35985127568493,-0.184754003516239,0.627444579573261,0.949408006882816,-1.72742369011741
5.63472512565168,-2.17279189063423,-1.0415591247886,0.494936094888773,-2.36087507219428,1.58946351677253
3.44451353781009,-1.73315382701449,-2.90906281035924,-0.201524206613722,-1.18929923003448,-0.798078948554382
-0.703138765846996,1.61549128972922,-0.197744405108414,-0.0361377212969395,-1.26701236030177,0.809991842719026
0.990243365897808,2.29949620371312,-0.836366098630184,0.472745403857192,-0.721169570538156,-0.737312630098397
6.11717707384155,-3.88576279432961,-1.73416773402102,1.5274751083304,-1.91531391460981,-3.26611152136829
1.64672222672114,1.40284949421452,-3.96980783118451,0.341904926124931,0.623532222745083,0.827715930973235
3.4211702209935,1.03527403357773,-0.723236324946651,1.80836487077744,0.648258738361227,0.132592012862076
8.87920676021121,0.421820944735952,1.26000320140981,0.39033397589866,1.9714044718063,-1.11645057985569
6.64277921358156,-0.762905307319115,-2.03868684578133,0.557398880071185,0.727393260185198,0.560721214969597
0.0561763781519471,1.45447622941123,0.916071682716666,1.07391684406699,-0.925466939505938,0.603369101307768
1.4069375476369,1.50666115635466,-3.34125318333685,-2.77690703874783,-0.404395220431021,-2.38566393981067
-0.182200290867447,0.153871264709661,0.610535546209643,0.259834088900479,-0.671171952707569,0.763426876575988
0.216661382231733,0.024153993766972,-3.21275726800966,-0.683871634187481,0.0691093704323988,-0.768106231308884
3.7041195604028,2.06626876699008,0.0487839072371608,0.69865353914973,-0.618971604530722,2.61020211362976
-1.58603781366787,0.367421821311344,0.662593626256962,0.165242074794231,-0.270565074904774,-0.182643076944274
3.90528240062864,2.10121308020594,-0.430379587264556,-2.78243624831778,1.1947931527668,0.306864576826862
-0.0645939384474706,0.0496979067893366,-0.823606834020827,-0.761762681088325,1.63331670742055,-0.89166252387406
3.95196860303755,-1.37761202769843,-5.69560787322222,-3.34323509086177,2.31987791466048,-0.85785408819878
7.29670376754374,-4.33418638639733,-1.65276225507543,-1.47553193839068,-0.766428536691224,-1.07627637601031
0.263324946488872,1.96696525504026,-0.437626613253916,-0.231153208940067,-1.07477651012838,-0.633171412355156
0.637886634578954,2.22235238892968,-0.0204493950844738,0.1378343743441,-1.34497672473469,0.532801388968614
0.420918495713354,2.09825848081273,-0.0371827493090772,1.03914948741035,0.0242569187304248,-1.34907815820357
-0.941051652934908,0.295777905192174,-1.10873104540189,-0.034416140002309,-1.23174603639648,-1.51955932727701
-1.24367907496116,0.788326907993148,0.570069820401486,-0.407307115397317,-0.864453721367666,0.963929860097171
-3.08609814593316,-0.668472476878506,0.294839254649098,-0.327269951181709,0.47894563405873,0.106447680636554
2.92654670863686,0.615175708188395,0.206929652489539,-0.738648310563319,-0.24236026191464,3.35754657179102
-0.523052096058425,-0.222689927500089,-0.340683040621981,0.972475173572343,2.04226815550254,-1.16292833654548
-1.40111723499455,0.981105679771196,-0.521670682191912,-0.0137689455290944,-1.18357500920073,-0.528314270077218
3.87777869984427,-0.34544507766209,-2.49518427396228,0.974912730473102,1.40088774429349,-1.07977590179934
2.20137094073743,2.71583165399661,1.64238017986606,-0.425742806625122,-0.894088861043992,-1.19421581478236
1.63219544954927,3.5002063379574,-0.512336755010504,0.031075505333213,-1.43816707516689,-0.813985559792072
-2.68614890276217,-0.275803318295153,0.47548071888536,-0.525695691071159,-0.176284461689872,-0.0731191186486692
6.92017183477395,-2.4667550567715,-2.05790521845983,1.93370064285969,0.062954135966299,-2.35868425371433
3.3804440898746,2.27901244925599,-0.945893756701844,0.678944693763688,1.09346127295776,0.611930903608328
4.05526494982736,0.868583320598964,0.947325989083641,1.71034587986222,0.631682011284391,-1.58289009286347
4.66917123721243,3.4114175942149,0.726821886692767,-0.98761570844522,-0.427583923149904,-0.220317945828038
5.81147438310952,0.687481752967241,0.739998823927927,1.17098362914872,0.700950362125369,0.81671771741635
2.48931862676065,-1.16657724730033,-4.3067315339368,1.15849853604159,0.574550980880195,1.98022749253698
-0.239779187280606,-1.37244374345209,0.0256628593411364,1.00871313479306,-0.113808394399113,0.735731172294424
-1.25117268541249,0.434411191643881,-0.505308405548601,0.837731427147022,-0.48418028490748,0.137031947706729
2.08459631832748,-1.01454090293266,-1.65711164538766,0.474549598269226,-1.51644872153096,2.17305068262671
1.45408942002402,2.40821989320752,-0.763127542253961,-0.57061884518928,-0.91423462616279,-1.07439185134563
2.27700910071562,-1.03578752600575,-0.69516915759558,1.05917159942015,-0.352444106630589,1.72145068460374
5.66925865063303,2.07747513475906,2.30159595752506,0.262102451046792,-0.102227354397523,0.60375907422317
1.99319871661574,0.901945762235536,0.696402685811081,0.769402390247462,0.791819958625856,-1.38706159357199
7.08341870041155,-2.02718526942041,1.46562486740837,-2.79723039324385,0.255854184957365,1.03292949895516
2.1179874552153,-0.737852464561791,-2.03252750590898,0.84114772309034,-0.779131235442763,1.41258156944167
5.88273583746076,-0.309118449896206,1.83800944215613,-0.19427282307647,-1.04355937328958,2.11183217513384
4.03896256849344,0.166121631012423,0.264525876379652,0.278732697631504,-1.24431911616436,-2.16554568609391
0.074318179091547,-1.03077522233175,1.04056046267068,0.408098758662195,-0.412274629742037,-0.972138655412946
3.31862023877948,2.41995086444652,0.521902591037833,0.300723243138555,1.07692994748585,-0.598287269370401
1.88714721844722,1.46416191513519,-0.89574726200897,0.984357975794781,-0.227007922466351,0.787572556395633
6.05357461911223,0.671577440508927,-0.557466558865904,0.214641744054828,1.68339800605988,0.416027321596775
-0.702569793752621,-0.104004074864786,-0.430138494743281,-0.515193825567526,-0.580249576607966,-0.223070383687778
1.49544724848971,1.48294901518092,1.38981357704403,1.15495968611927,-0.9924947574259,1.93900769912551
4.02134834208176,-0.98794222852972,-2.95262025980897,-0.396551199137772,1.96728353883728,-2.08838476643788
-2.34046803744455,-0.427634019693034,-0.802439539245264,-0.27945496455163,0.836046837458369,-0.324024245742966
5.36382598534935,-0.510014923520985,-5.24051500181854,-3.0378378505869,1.27234404010595,1.44651980397229
-0.533119978133925,1.27527610067242,-1.34752433273419,-0.396733042944876,-1.14269148574257,0.162680358814707
6.06386726251479,3.13632003634551,-0.104051835635996,-1.87678131875159,1.1659253447794,0.640473035503009
2.58976652780563,-0.212254804017671,0.775911554190772,-0.599211919250256,-1.75464211813482,1.86882556920169
2.45373145880444,0.0989876827943055,-0.127288817538291,-1.20216578115848,-2.72077789163397,1.56429196212403
3.8896598416404,-2.38145790000205,-2.20106189849092,0.211401356979512,-1.85424804338936,-0.41516578155266
0.621587684772559,0.919105538736331,-0.48113863444559,-0.0825441831754284,0.208599749958783,0.0282506104910367
4.03306916319637,1.17231666383859,-0.411934017609884,-0.456403972141755,-0.298831704647666,1.45935636558358
-1.04039979813234,-0.358303795290416,1.32024869526673,0.225264282232197,0.0723857893375305,-0.406369577561323
-1.6298125532264,-0.214702461738898,-2.09150963920132,-1.75892801557571,0.084488557499573,0.219791547921463
0.737713815718067,0.581058367774235,1.35134584057947,0.514090794959327,0.431449283766807,-1.42717758826036
-2.72534929370638,-0.110234934871944,0.183526954475485,-0.283225905921535,-0.170308751502545,-0.135249148392319
-0.276331387938033,0.187078955327166,0.696249185859612,1.34574161260613,0.922370847834215,-0.116849315811403
-0.496130811485873,0.701661134872029,-0.515015454732102,0.257611211274292,0.117461722555221,0.571337100573008
1.99252921391067,1.2699336352717,0.134757321704426,0.551125947728826,0.887809688799442,-1.14644132548935
-2.33302926280287,-0.919034149907745,-0.376953197735765,-0.228102636415938,0.529582427947493,0.0118884732012644
-1.35738571514144,-0.935172841419385,1.25245685734479,-0.444270568081492,0.128572084483769,0.242809282228348
-1.67898464663271,-1.39384785551964,-0.480359384956304,-0.266794090918015,-1.21555175445595,-0.834446454327496
-2.1147940022292,-0.792182565581298,-0.0973736328741307,-0.0507301086702433,-0.292660980543634,-0.462914203506643
-0.240432749822306,-0.994504382419543,0.881127983294543,-0.664003932029783,0.383730854346972,-0.0491473680145624
2.52448181161877,1.11464190592216,-1.96929866362641,0.00732743444125414,1.06440173514245,-0.687507791732693
2.79920454829647,0.0933158481163473,0.620944471343586,-0.897799169147182,0.629201475819768,1.04753893877975
3.7153906954724,1.38344280973752,0.835200017934895,1.49334961450967,-0.446461461683865,0.255888681792347
1.03362280576471,1.91018081653808,-1.07311165308761,-1.83147160563557,-0.595006763214054,1.55354598073639
4.46161437466407,-1.58991978582858,-2.03844089956034,1.71734026901478,-0.280001478656802,0.0380652716190603
3.43414397360486,0.642530086891391,-0.498917433074146,1.73477914523615,0.0895374000975161,2.14654508592831
0.927910278071123,-0.268418632345257,1.63494200930273,1.04188505873311,0.349335183146428,-0.131131287468457
-1.15666049167392,0.0960805914208564,0.1466944080579,0.640899836794402,0.954356098901548,0.264815250693311
-1.07484394565096,-1.18558275084732,1.15808823240703,-0.756380476187088,0.533402859024005,0.446110125915407
0.187151482855771,-1.10524019129772,0.111766080539231,1.67974879173161,0.280694312260351,-1.37519772801093
-0.591130442635432,-1.06324068573797,0.176478388726699,1.75943568849637,1.27592015360872,1.15106650021215
5.0586665015069,-1.34962063036011,-1.74830996339383,1.67787151321766,-0.206082910400421,0.450453222585934
0.704572983136605,1.22531160259195,-1.94934283420635,1.35531114022645,-0.176801097818987,0.990244158583352
-1.72074879899193,0.134436541620302,-1.11031954948514,-1.28911921670433,0.812448683298404,-0.124105195702583
-1.75816216370907,-0.697527277247569,1.02482624878272,0.213257656862098,0.182029386186933,-0.522218025937242
2.24733000282843,-0.710851158616903,0.344505859618782,2.55320127978776,1.07279402310481,-2.72718602963187
0.0129715089459311,1.29942277486151,0.244145203843733,0.0744021801542495,-0.369283513476963,0.0259488866841027
-2.31718693036463,0.230466996087401,0.113370391014806,-0.275903848199589,-0.747537332983728,-0.352246422941289
-0.313389922410603,0.963857238482164,0.478190065424607,0.775732080509003,0.235088302825337,0.135001552564909
-1.80799925852051,-0.463266028363317,0.530816437886347,0.594927241516745,0.936564443090581,1.23048330372701
0.652548290759071,-2.71325634807328,-0.334225367206955,0.439635308427395,-0.914184581624407,0.62270926219822
-2.33361959567469,0.187402574362745,-0.0598095664217261,-0.181770950999478,0.176939496830801,-0.367051870071531
-2.00892917910863,-0.669275102444988,-0.187797991170465,0.414479280105958,-0.0875407136453017,-0.566030225012975
-2.4285781945595,-0.297954790918366,-0.48453746759507,-1.47409597805048,0.519879412604144,0.107348029033429
-2.77704586095241,-0.637077166118522,0.389546030792695,-0.0561610045939933,0.756511743125301,0.27585206760344
-0.0162599724877104,0.530384777967004,-1.01150675105239,0.91969413468092,0.95044293010882,0.553551682710032
-1.9872855839465,-1.09744629554874,-0.218481955815078,0.191719822755446,-0.0846642738474783,-0.147352052644747
0.908954535369636,-0.730962973490934,-2.80823117076425,0.666275746232659,1.53449432544645,-0.37794527011587
1.47111934955173,-2.90865601190682,-0.0295996695908422,1.06834910924921,-0.929240392870466,-0.620871619347263
-0.513521006988509,-1.02050166907287,-0.549987651034522,-0.302402185915417,0.367209006171877,0.974537438396354
-1.16668209379349,-1.76140682826188,0.718714387509928,0.489468118563672,2.09573728757169,0.763240759887043
-2.78969305454601,-0.558339361702939,0.0490581630606865,-0.0579686080189726,0.788249872246472,0.183781861069018
1.5277186508639,0.290086409818817,-0.636536835608152,-1.30230581210439,1.26453401456564,0.445018457325279
2.03052314708732,1.32929683455798,2.38092985948688,0.642366785794559,-0.926224519171843,0.681371294721975
-3.08609814593316,-0.668472476878506,0.294839254649098,-0.327269951181709,0.47894563405873,0.106447680636554
-2.23504337447298,-0.300142912190971,0.367914556303979,0.100177567605317,0.220289115354617,-0.0763784531737349
0.129338427908909,0.113722641067919,-1.39187628064568,0.852385012781083,1.01667530748911,0.0010149025408292
-0.808408938405925,-1.17632685349709,1.133756601918,0.205877929666567,0.316745044381825,0.088704573812148
-2.09682022670847,0.136636566151217,0.346099698617768,-0.545398675516651,0.0429008594974957,-0.139486777262168
0.345318982548947,1.18148106947975,0.912114032795365,1.82472186456149,-0.110577960678218,0.781035954589187
0.55729056362644,0.909318463644241,-1.27699589575111,-0.837699539055192,-0.504496432379848,0.762440927028356
0.0962772606369531,-0.0636913216325758,1.45758350270298,-1.22632100639846,-1.90550805357379,-0.00959305254589865
-2.31597733735759,0.0963770936061601,0.212857697062289,0.0427395159102931,-0.674001891404393,0.317484941338571
-2.27957920259493,-0.120240846181294,0.417590617794487,-0.0746248427734744,-0.0496904130368498,-0.125064858853514
1.85779802161361,0.972708693604614,-0.796286621665891,-2.61471334919242,0.278954262685189,2.54852180559219
5.0071263511463,1.97046931120829,0.899485895066055,0.0899807410538685,1.02055864324889,2.11428391267106
-1.71922524296477,0.299439250592598,0.12363755319567,-0.137850991435822,0.479192400712041,-0.627756298153571
-3.08609814593316,-0.668472476878506,0.294839254649098,-0.327269951181709,0.47894563405873,0.106447680636554
-2.1228207051095,-0.276715289863522,0.521721190741192,-0.075506842302926,-1.06084132814718,0.18373146981859
1.91514146178057,2.24223560004507,0.718986734117443,-0.381267326236671,0.0941774612105916,-0.493234324828751
0.526642064742804,-1.06032432828829,-1.91866074959147,-1.01096641089276,-1.03193816747493,-0.382526664938904
-3.08609814593316,-0.668472476878506,0.294839254649098,-0.327269951181709,0.47894563405873,0.106447680636554
-1.52203192739929,-0.617271601304352,-0.285452361524158,0.606191216961336,0.00878257617189002,0.953387766531514
-0.324118402492809,0.46850194604478,-0.698701438481032,-0.327497101830218,-1.81778776207056,0.69165260856488
7.68741503144529,-1.20657238979827,1.18035655626353,-2.00090853758033,0.312865559290741,2.97231536308208
0.113795953887677,1.98516695759845,-1.44903245395784,-0.143998272004852,-1.59878021046234,0.414869775000284
-0.944152385937743,1.10261184221035,-1.48054563733643,-0.200985124104505,-0.96287050722554,-0.686882259520042
4.33670816910794,1.04846857236425,-0.562269426688542,2.19788197317473,1.35475842685275,-0.380266862732355
-2.4147797669637,-0.363736690447499,0.0461011814063139,-0.373979334112928,-0.111272921823377,-0.247665875484986
-0.165885875165681,1.67815774509978,-0.216403373449795,0.552086943186541,-1.11612508749458,-0.152998476026457
1.13614732486311,1.84790288054808,-0.339303190975436,-0.256769041859015,0.611683340693166,0.522423149364629
-2.99578762654462,-0.999050949193694,0.150995391135891,-0.313341740079135,0.20294789260174,-0.0355954253401036
4.68439979500795,-1.79751438878239,1.09374224734804,1.99157870482099,1.5111753952236,0.668635853907446
-1.46161400642986,0.37807564024691,0.483244847937413,0.327782880346103,-0.370542334162603,-0.15738634392618
0.510689418134904,1.5166603125527,-1.02112187923371,1.13642266910493,1.04922791598056,-0.585112826846418
-0.506507110517569,1.19638948769923,-0.539224791756191,-0.838329213556476,-0.432660317380142,0.592704674057181
3.33383153902746,2.91309019383788,0.0184623322987653,0.8041661489127,-0.249658495958697,-0.214717386452401
-0.431603798276551,1.84898607505645,-1.19014155374215,-1.34180268406846,-0.898952034066281,0.661697076175033
-0.695168087105747,1.13746615707795,1.26281019853925,0.00873547959251101,0.275888906105492,-0.351935577133187
-1.36298920294471,0.853757412885019,-0.156105438850498,-0.517916947307225,-0.576484404871155,-0.611563431689683
2.31621030261699,0.549967712438681,-2.1593266710804,0.540597204834987,1.3491476140245,0.121120002720988
0.681620357104112,-0.0540200085644391,2.21268946344242,0.190411911179707,-0.36515392712674,-0.404451657004267
1.81040933912417,1.92605961848899,-0.792631518525032,1.43071394302018,0.461596172220751,0.0347879857654964
1.80729782934507,0.18612135126676,1.04802167990914,-0.799026445102972,2.98018854975714,1.09484307491068
2.24075345307329,2.27098312611075,0.547679234900664,0.489695275064582,0.233971738110736,-1.3933286492819
-1.79543702870079,0.10228705220814,0.522182028244207,-0.569120422478819,0.729894647408599,0.0559247763181925
4.88638110907512,-1.03519282344092,0.488843229523375,0.482202550622364,-0.601311270849904,3.12040722992011
-0.494127814845818,0.233524241622503,-1.4637477851223,0.349765993031266,0.52174188505329,0.782695308640907
1.22832592967271,2.41253112349308,0.65984636872664,-0.483051707086849,-1.59191202569875,-1.44439195809255
0.0415291513060577,-0.0852427768206701,2.08804913138671,0.256212943903577,1.92717276037929,0.659140460187179
4.03927474073494,-4.1300123726371,-1.27366378075713,0.559920035306977,-0.27446450529271,1.37371268032295
4.87648819857727,1.25390792390583,2.42338722354041,-3.9519986163443,0.937419854317157,-0.520812446391982
7.73411699668137,-1.94954340728534,-0.252350089807249,-0.616744441441486,0.0463515635881252,0.849836832818034
4.99885167146003,-0.826984831254513,1.56452611899362,0.241184033657914,-1.46887309965646,-3.30074833351917
-0.10713585740879,0.78760962647102,0.310759295873877,-0.314514488162389,0.0522388573107806,-0.256020070760148
0.413885128945127,-1.34219203674936,2.19778343101929,0.547651407380516,-0.217714779997962,-0.0387730571230671
1.27920344040356,-1.46251583445038,1.54348014653939,-0.193858437104539,1.37426112514976,-0.153564674981187
-0.490259757852994,-2.52994082111638,0.0782156989505157,-0.749112141856254,-2.2305888440612,-1.35760200733093
0.112428580705182,1.60105739295511,-0.914602779064128,-1.17265060241556,0.534818847546306,-0.824653102673381
-1.48517856570721,0.972673866311536,0.0533759113387888,-1.43957635226111,-1.13406583508084,-0.589287832737418
5.99997187412878,-1.39077194940738,0.771917641837842,0.205042554559021,0.234595878083816,-2.0892241146039
4.21325317788314,-0.27729451452469,0.974014400628171,2.15651975055436,3.27551574143229,-1.20316090079213
3.59305002542773,1.10940983024816,1.33766561589231,0.725865344334756,1.83743969196316,-1.73819342942861
-1.51388558322588,-0.233693827245558,0.650604284372377,-1.21909393392545,0.574526239687925,0.595722703106453
2.8613732389672,1.05745707391976,-1.33292618800742,-2.5610051464316,1.38213902378835,1.16012621452661
-1.10516583392492,0.968753440665081,-0.380364743324553,0.180670146595755,0.0229415483026787,-1.07202356439579
2.45680717238433,0.65683881858269,2.24798566531247,-0.415562830161603,-0.394420528177744,-2.11329947192388
0.400460833836338,2.44593148332307,0.514625497361773,-0.638002654058549,-0.702038227973241,-1.62114625225333
4.5659720411881,-1.85961880598772,-1.37988733121952,2.26859382797303,-0.776638784985734,-1.61859033374345
0.735396949204256,-1.67423084695375,-0.652181431543921,-1.33728951944959,-0.908223065914411,0.972063765981422
-1.36374289502814,0.618501355686632,-0.546313306153235,-0.32729319255731,-0.74306900164271,-0.423570638493502
7.29901395952888,1.87862016701391,-0.84791018645631,-3.65806062989787,1.65422529943164,0.814238237975336
3.09767750360923,1.60773723737029,3.42130499719995,0.384587867804764,1.22755395871174,-3.0702250148595
0.256938677892612,1.65004704203732,-0.414438615409892,-0.44074193417377,0.139101314766199,-1.60286156598924
-3.08609814593316,-0.668472476878506,0.294839254649098,-0.327269951181709,0.47894563405873,0.106447680636554
3.75201345065824,1.40985867047943,2.23432749344757,1.52734282323703,0.850544214652669,-2.29021691449233
5.28588992590808,0.674448365043543,1.65510470989824,-0.336120271460814,1.49522471816656,-2.49757036439366
7.52677770114788,0.840870678983236,2.02321577579129,-3.89501266292868,2.54412467979238,-0.466994509295531
-3.04014141449146,-0.631905203031955,0.356964730462855,-0.323167779785031,0.520103951243878,0.0820103012998662
-0.468904866430889,2.11884759954999,0.0354947687945228,-0.0922523058746628,-0.924229977387181,-1.84933095455635
-2.34425720085107,-0.00847597875421616,0.453571990886862,-0.575731973144269,0.405708026817901,-0.0254759081335908
3.11976855998772,1.54461300901735,-0.778286358448168,-0.562581067600789,2.40073096510119,-0.975348287347241
-0.46891910708266,1.87466574671535,0.161904745968929,-1.22223154686733,-2.30012438610355,-1.05839537872692
-1.35420963727864,0.179128127197745,-1.73451882580309,-0.144909955763239,-0.530268055507551,0.045261433858592
-1.4643333294238,1.31648424920592,-0.027003971775896,-0.174974984517799,-1.29403624868091,-1.18215386412802
-0.920029720831986,1.04788345884197,-1.73521039583375,0.372967323615805,0.745213581550709,-0.374449652941622
7.03452512628257,-0.685845768343468,0.468542844515458,-0.510795401844602,0.264842016190078,0.0450577072013803
0.532446768031525,0.610651706097144,0.718129209086522,0.80583808948883,-0.964620682037194,0.407682630721248
1.06610732669382,1.53284439526744,0.361095545188384,-1.33018043410954,1.10447416015493,-0.197550722322655
-0.204016631993672,0.770182903814252,-0.748551243230303,-0.441786288677195,-1.01302211280423,0.257889953270632
7.76091405254257,-1.70861356480605,1.99241678961445,0.704709017317092,-0.873628155012499,0.748877867501367
-1.23173327078619,0.635818866500265,0.90228050769311,-0.4312999169462,-0.674408625627869,-0.355893030406932
-0.801959224005262,-0.244933708809777,-1.47212154952596,-0.530817475420595,1.87572328954382,-1.30298256317522
1.74976191657353,-0.511931175968126,1.77765748921973,-0.186937119876012,-0.170157881528758,2.35004897520323
-1.32680622921887,1.09647238433896,0.29812207928601,-0.321733563373086,-0.632476781591289,-1.21316354296397
3.88817215505692,0.980029331566695,2.62348750766607,1.40797371292563,0.0109467436752867,-0.352008658721596
-0.38445681217611,1.94939722268822,-0.21443245306181,-0.110124192502493,-1.02255328269595,-1.47654848409708
7.25106989986963,0.26828479063349,0.879433547316423,-1.92287848767759,2.87742429450615,-2.67722559566378
2.0368344900678,0.11994242910826,2.0135905774981,-0.441443101332752,-1.51874623992978,-2.06520514595639
-1.24989572413028,1.06773130537298,-1.06906064697255,-0.287526909316793,-0.99822511170483,-0.97445535487898
3.05780780890786,1.7763719422104,0.376704239346302,2.54688877997094,0.954927628125819,-1.17752342697442
-1.29749949044098,0.531767557333085,-1.07705134526426,0.306252465980343,-0.323181091668624,-0.734805782241124
0.0354903398283285,0.381233846983408,0.111313309585747,-0.302666316591666,0.933799451982392,-0.0784867170753163
1.7774724254316,-0.364962130526703,0.289919558814725,0.864638121660272,-0.263262616916411,1.51637534221657
-2.25367678239432,0.252775027550801,-0.253800421445303,-0.280555769491811,0.303383488745879,-0.5214661654464
6.34331656624483,0.211981805082016,0.480278749138669,0.232369127327096,0.927737633421443,1.95574035536256
2.78093728901829,1.82347931907882,0.0438684692419991,0.571796462807661,-0.368680368430744,1.98344348676447
5.44910007497459,-0.188078100651671,2.42797864208465,-0.498481882084577,0.455723659147951,-2.27411357694369
5.93436728180201,-3.46766327906741,-1.24941252464653,-0.0864618758313838,-1.70729697949109,-3.89002522109794
-2.16014797759853,0.0756905935124901,-0.727127652900318,-1.29175417616168,0.0526685018285512,0.412729131195281
-0.51257757789382,1.30472830886788,0.699676982518181,-0.572277933530421,-0.842110307198774,0.741934183046499
0.485187585789108,1.65989686747065,-1.54387794995113,-0.794258986673153,-0.713342086742392,-0.894414069059803
-1.3659408766871,0.774421375455431,-0.0106368987333714,-0.794409068867734,-0.0663734521026504,-0.128203321716036
4.36776672749175,-1.91184820745821,4.08387961330051,-0.544090820915731,-0.804164531210675,-0.797016937527946
0.632225337338136,1.85619116841766,-1.69882482375215,0.98140479739981,-0.791977176473339,0.19649075461694
3.07858837590918,1.39112443128575,0.843875572330736,0.0295539100376764,1.32898920743403,-1.67991297845262
4.32575898126061,-1.15113265051132,3.36794904690787,-2.49758380282828,-0.196018593782409,0.904024384767767
0.251496411045115,1.28462726793889,-1.81236443715869,0.523023075946074,-0.591345649581074,-0.383561889221936
0.424526220715437,2.16545842060074,-0.439936029499434,-0.53235832607643,-0.0544797337762105,-1.3172340280905
0.0799567676643593,1.56154902603709,-1.71678851246491,-0.454216062583351,0.461512939558424,-1.7507181259263
-0.763969719198168,-0.0402283949602349,0.658852819442253,-0.122006674440339,-1.26927246025754,-0.427915271738324
-1.80878207768918,0.635863938186978,0.892727177156605,-0.588961170136512,-1.21990141737298,-0.626356270084375
5.06383274339051,1.9631136340173,-0.814281975938323,-0.244470634650802,-0.00126283715095747,0.688266818759979
4.10174525439286,2.54180434135137,2.33640729623291,0.00866573252144289,0.199625254693124,-0.679224106606798
-1.22973490506473,0.998434084544751,0.365475523475201,-0.0101119247875761,-1.15707488980963,-0.0355344944397252
-0.861656986528032,0.887084364772776,-1.35340277828554,-0.710836687497968,-0.21686659639249,-0.441572742739872
2.12512632652733,2.81330243280263,0.0202066087931321,-3.25178142126038,-0.270813468260778,-0.0554443681675117
3.74296646137225,1.21166856806533,2.4198551396912,-0.572898138377185,-2.00246110244702,1.73947100550095
1.33695308113815,-1.11129030619326,2.54205399307396,-0.96577106378384,-1.75228085954759,0.129297139280633
-1.20633013907684,1.03543968857593,1.11403615082724,-0.929474536419244,-1.5336377922167,-0.838899206982836
3.18979914063757,1.31133550015408,1.09668895812495,0.756212412550873,1.53105834532567,-1.16644924959633
-1.07768373045724,-1.37659547934485,0.535229249131033,-0.0940580015768291,0.43325047367052,-0.141628196926895
-0.285566452091982,1.60879369195979,0.388905174981415,-0.45130714442475,-1.99453038009315,0.133293210049413
3.16690851875361,2.58856655325841,1.83151966147503,-0.520999777550452,-0.860568594874801,0.167610541004172
-0.899100364255712,1.30581158487223,-0.576187790225447,-0.220554862295065,-0.524083189134084,-1.27110094354745
-2.12437091101146,0.292012206259057,-0.377323398859831,-0.490140428724921,-0.0290006769692131,-0.626652195022037
1.70336730136785,1.17565342589038,0.337350975495859,1.07475781758042,0.593624758544628,-1.83343313684886
-0.20932059298697,1.04273103148637,2.2080232543862,-0.441790212487529,-1.05133048121251,-0.494482637352143
-2.68850096306122,-1.69734770985834,0.0436796669057985,-0.339997872251509,-0.214224850351012,0.0156543938953064
1.32938489027852,1.75374955507153,1.96976744966325,-0.468066283252867,-1.26489188950383,-1.81487370379753
-1.36262607889906,-0.182701501231202,0.140262593857616,-1.16745991265404,0.106893343819388,0.169324763136675
0.371996886756019,0.197187370844696,0.624542656325477,1.84751057755678,2.32816023184949,-0.692077347406511
3.61309714866635,-0.215153371769682,-0.865780694712748,2.75336364423323,0.918879993086872,0.352997368140658
0.0316337144951781,-0.249805182351018,-0.581885642033041,0.434912869509333,0.0362666711731597,0.812094363084494
1.73968815234062,-1.123761470233,-1.18382406028311,0.533241341760494,0.982592503887854,1.79774929706028
-2.22350622749492,0.200244364815106,0.696843514797918,0.0326984224457034,-0.0816753244066108,-0.326085161444917
6.43504131119607,-1.59499938774286,0.710322600452391,1.43859480559408,0.0348292889407508,-0.0211708934835122
2.15561989556714,-3.53898968121702,1.57274894648654,0.904365951504834,-1.2638937206868,-0.525783539066978
4.45275586855695,-2.93657254084472,1.42756373988832,1.57462243848268,0.386870379898148,-0.193640457539953
2.61878004966204,2.26021409224565,-0.346368324902499,0.845921268967849,-0.718861080189408,0.120704791965349
-2.47860520219015,-2.56658091796035,-0.147199124026359,-0.108437399335523,-0.948909639516834,-0.705345248789686
0.258356541079612,-1.66725522095361,0.725343083924831,1.41052530374541,0.427903265724973,-1.02412905120433
1.97541614266984,-1.18840971462251,-1.5395236591812,0.86026433330375,1.45585437212376,-0.616030188386038
-3.07059959599866,-0.736850523768241,0.253465749041347,-0.303730660853018,0.419637073331078,0.125525584458815
0.963184326796871,0.890734882953813,-0.286376701446712,0.784378388262958,0.208898179274572,-0.148093489621812
0.204489785473939,1.86884806326826,-1.183338453108,0.385339887084546,0.695530167723499,-1.02654938320433
-3.08609814593316,-0.668472476878506,0.294839254649098,-0.327269951181709,0.47894563405873,0.106447680636554
-0.776348100045962,0.299327911265337,-1.22021583919095,-2.26856646834636,1.07778684539802,0.922470168554413
1.79508522791382,-1.83773636454335,-1.48029784959991,0.787138839691087,0.963750446043471,0.013859978837023
-1.03557875006114,-0.547206988037716,0.658803482982859,-0.339642011209202,-0.985200449015424,-1.1859235918406
-1.37188335418474,-0.00917968163314986,-0.751216324239116,-0.197857854372126,1.26649276079339,-0.01291008114657
1.00894840250667,-1.54800172774769,-0.899761277569859,0.453261436773686,-2.25290358920118,-1.01608147593132
-1.23252697326119,-3.288905668845,1.14514854886609,0.0729461603021132,0.0447927176607894,-0.272208073275488
4.71227200880523,0.624297875283859,3.00460248167014,-0.778842712921711,-0.86047439470207,1.69343559961052
2.05185514698098,0.233899651559971,2.04226145006653,-1.50477432640056,-2.33511158389367,-0.175935138690814
0.400118613682707,1.56812940403563,-0.476318837152285,-1.30371035880696,0.0763812646623956,0.455852040465078
1.23058682352546,-0.694148811805924,0.886682557887466,1.3623403640632,-1.37270252824609,1.25621206576737
-0.122580361614709,1.71886880571141,0.000551278358232861,0.264428686904553,-1.47353971237652,1.06118493516164
-1.6853417153379,-1.45034178840337,0.441322506510325,-1.39848450658667,1.16767122251899,0.857349871264549
-0.179628873294151,1.45530778704091,-0.976800697975189,-0.773067788119233,0.247832835098786,0.524168025678129
0.485378945037584,1.9315438639735,0.155396612121999,-0.958236055718468,-0.548081554438868,-0.135966104830908
-1.19789630287585,1.28541309969637,-1.05793196784291,0.306329950898294,-0.223635378707591,-1.01871282628479
-2.96372453115696,-0.570091063395148,0.217341531500321,-0.436325411499668,0.239659387747761,-0.0283248683659816
0.654881027399081,0.504844262402018,1.35534469587853,-0.128922906757447,-0.239202433651831,-0.00381360629168896
1.57927231069496,0.614171651400023,2.8720341950524,-0.0284292193367346,0.72583385983129,-1.04871516518912
5.40390145311909,-1.14779577502455,2.87809231576477,-0.645737790675807,2.84160651205207,-0.0835252726079757
0.60425977811664,1.85774266913707,-1.17458269764545,-0.572140376033209,0.959347142584626,-1.01261800389641
0.0141550251915895,-0.85470073705301,0.151195369663459,0.00571081600383799,0.934844963847679,-0.084695845973005
7.89286780323136,-2.01488782125431,2.95644330963586,-2.73039199242966,0.864118198784892,-2.91986902514146
0.960848963724873,-1.69163356363202,-0.998587688471464,0.653967563147114,-1.21772197713795,-1.48878221176125
3.15961399492613,-0.427305751142338,-0.638915851487673,0.190468154700188,-2.39970652245678,-0.162418661319207
5.52545316925369,-4.76056290699006,1.26942209315457,-0.00592065705729979,-0.820721655754109,-0.0427287715920138
2.2814996473321,0.234721791273497,1.45984215973767,1.09568603088342,1.65313391841638,1.17208643216099
5.33959071024128,-2.9166667722368,-1.26785399206173,1.44143135076667,-4.37329660469148,-2.78445762752929
-2.78405564842045,-1.45343479034543,0.316666611802047,-0.330214121624911,-0.0850404870664656,-0.191227782130171
-1.59275582956089,-3.52056717448016,0.149197318424952,-1.05588860888255,-0.702655325240947,-0.180410188672486
-1.95061957904906,0.467114666628352,0.308315944485139,-0.950327661998769,-1.07344602034967,-0.580003088362877
2.74946355008416,-3.32822055771892,1.86300209546119,-0.373638130200404,1.46945407686276,1.73237829968945
2.70065729927396,-1.95647608041298,0.527998078572227,1.95840979109491,0.862676519998594,1.50317519434117
1.32085670628572,1.68922225808821,0.891354625654389,0.0694003713399703,-0.634186130886021,1.42175669299937
2.15500814005875,0.258826355769343,1.52364704460662,-0.785481805998395,1.68796238037398,-0.873896450301987
3.66741051944437,-1.37992889343777,-0.635723462249486,1.51055781523391,-3.57969453104022,-1.0183832876645
1.67806835017218,1.42203935006201,2.4867116850982,-1.05005733837867,0.25420742276026,-0.775917275277807
2.76871318653779,-1.19227059322928,2.70560765244684,0.545150176115705,0.194112489217353,-0.253702795626017
3.69315106465111,-4.14310574756455,0.405331324911144,-0.159798744630529,-0.184202881044175,0.628453837157884
-2.8860538507951,-0.564155744782111,0.281519722569899,-0.669374354619251,0.295520558432244,0.132744121858307
1.93623605702442,0.698759681318694,0.0158017318475167,-0.615561755449897,1.30142720698695,-1.36549041943889
-1.81546642293147,0.266605413248181,-0.722694138739259,0.0840734651884653,-0.28055661141422,0.122905491594351
0.0442260223450184,0.22235446018688,-0.506590389345175,1.86218445537205,-1.3417493217995,1.03360883394491
1.88992263487092,-1.20489889520588,-2.83714803259538,-0.0157981522556024,1.00307338160241,-1.35262220865045
-1.48248634295591,-0.532622577559734,-0.123783970108565,-1.35175396298058,-0.905913402696821,-0.149730521478254
-1.2767318252919,-0.457282630886088,0.511452976088497,0.799553748323189,-0.629359408580795,0.176061434663048
1.55189200247127,-2.40865907689882,1.38026779288577,-0.383957119580068,0.0494287460376937,-0.689062364834081
-0.604535486460647,-1.20266472904107,0.917721780286398,1.27758918237509,0.70578036628103,0.965462889395832
0.00943685995702129,0.703062167463444,-0.926438961097563,0.62227811015852,-0.6296787461023,1.46123336282916
-0.00631694834689707,-2.73688404920558,0.764108530664298,-0.936815263053222,-1.99994544157829,0.0769076527412036
-0.0431644417236928,1.94777572237376,-0.890417945462052,0.313986188774316,-0.356666124577571,-0.0908387037641591
0.252979855342382,2.55668564045862,-0.906271956424092,-0.516793076914802,-1.60867942459187,-1.01343767636806
0.923141290347313,2.54732597634524,1.77757383529469,0.414214934293168,-1.61921419029625,-0.244793404132602
2.13837209865276,1.11200137653505,-0.616187077211383,-0.310470790657887,-1.02975901484449,1.32739422073753
4.12027121163541,-2.01773288691119,0.565266364982559,1.96778722057486,0.0403002194067164,-0.00993325819774509
-1.13785838190011,0.905202188167032,1.37021005084169,-0.025747662989247,-1.0747943176732,-0.173959116607571
-0.487933280808296,-2.14236793783262,-0.70598991930841,0.044245732467738,-2.17519275719561,0.85157118453729
1.98917695479803,-0.260769431347736,-0.93756281630438,0.762663295764592,-1.69085390190925,0.339745498643125
-1.2530864773679,-0.161852521521787,0.505752940291935,-0.588338741218138,-0.61461304603844,0.848152429120124
-0.729228265504831,0.539740417426798,0.666198686497784,-0.725379744729843,-1.78046444914609,-0.182987095381117
-2.32981885918634,0.011977751234061,-0.301038382516941,-1.02327134073296,0.0731164014391694,0.151703346486352
2.86018062891025,-0.786240721326722,-2.307308284824,2.41502077827815,-0.997593458125029,1.31098379832036
-1.51327730528079,1.06597886642518,-0.33849269420591,-0.8019084517477,-0.547853185035822,-1.24649263065985
-2.08405334074692,-0.0678283269496631,-0.445791132523742,0.00263039001563301,0.602190517043287,-0.0915513194098086
-2.73379525641691,-1.61588112200373,0.0891512281792766,-0.152017454295111,-0.169322981087533,-0.0657167479191859
2.79958945939219,1.58437690052045,-1.19037147184341,1.23658606954206,-0.0606326737484043,0.158599951547716
-1.35350356057039,-1.2134211664034,0.112104981502369,-0.538443625076515,-1.34762802294027,0.841530629434804
6.06512217615786,-0.695926884502665,2.4982386604889,-1.44948892746707,-2.66372107079272,2.36564959523683
1.41888354531602,2.21829422036727,-0.80192129840715,-4.48815137034187,0.307007705430098,1.54341163441711
-1.04685935953926,1.19754456624219,-0.234247801798358,-0.557929769564265,-0.982024469374572,0.546477172624155
-2.8380987041963,-0.343814271215732,0.100313465603015,-0.383518201361951,0.164477330973872,-0.0604310164673181
0.429105232643223,-0.629483342906647,0.645968266922281,1.04256541032652,0.131506553143636,0.0290502716778831
-1.88120577623881,0.199319702137316,-0.133657458587499,-0.732053202304899,-0.292440870816953,0.888588282015045
-1.63258124789085,0.616924936894684,-1.15034430568286,0.12311781780006,0.665124203514792,-0.216447660038919
0.918066495026245,-3.90559352797981,1.76867978596351,-0.167751420658243,-1.08692040224964,-0.843945053919365
3.87607012471798,-3.6833697705311,1.3359519490441,-1.44272426801222,-1.73908356883736,0.358758626924726
-1.91702948519786,0.0619348556366964,-0.866625496139103,-0.0706416572398667,-0.294996474546365,-0.145604691003661
2.30337870328987,-1.90521847976009,1.63827684297853,-0.188249594962552,0.117691037152393,1.82503984706535
1.9454289070872,1.35568078847952,3.27835225537613,-1.53940806873037,0.336062335827798,0.797010193119843
-1.58979933204214,0.909302487290896,0.183289588246242,-0.938195591183301,-1.06408104218416,-0.405700547957683
0.579014409223524,0.0870758853051458,-1.22153365382772,0.711598145810896,-0.388335351877819,1.58779399198826
-0.667320069665613,-2.76173871468925,-1.01982330244079,-0.324068641120711,-3.8712033722856,-0.671092275626434
4.74119582848758,-2.9894049372019,-2.79124884813924,1.89938205335449,-1.46194357831432,-0.260003957988064
6.64700508191869,-0.225013815536847,2.24464968070812,-0.487909900367221,-1.38092719339961,2.65163251839115
-1.7376721603484,1.0032973720007,-0.248019869555548,-0.142275386082988,-0.827518296814524,-0.489988142638922
-2.29138484570379,0.111402899288706,0.207451353511454,-0.641207091598514,-0.147344760024366,-0.227386872781519
3.37137773950581,-0.858168541902446,2.67832686907258,1.41038819716335,0.19655343533302,2.35328100786247
-2.63086656352691,-0.0842604844901669,-0.0841615530377142,-0.457021454970665,-0.310917840667404,0.0303690564350616
0.820580993064208,0.942483161733316,-2.86403641664222,-4.32672772119225,1.00346560009424,0.881753821214986
2.04455267110565,-0.519544316628971,2.10301755991318,0.943828183992264,-2.18085064501476,1.63213293794772
-1.6596923635892,-0.453275400381153,-0.65055055206268,-1.11942237237922,0.297950761184237,0.532767187019796
-2.721040914679,-0.318055370273722,0.0485437683184636,-0.0284713139240017,0.353263635107735,-0.00359843723881119
-2.01434352470282,0.798005150754253,-1.18965166854131,-0.954525880451799,-0.165178961682283,-0.495767760193616
-0.711794546010812,1.76311460170067,0.655935108760884,0.251819639933498,-1.50201327819499,-0.348266422194777
0.00754607200234447,-0.756497654486582,0.890794996802797,-1.07950634111982,-0.970103451553427,1.28268217160205
-3.08609814593316,-0.668472476878506,0.294839254649098,-0.327269951181709,0.47894563405873,0.106447680636554
4.05117955299903,0.886857303826733,0.502797371784587,0.605194078205993,-0.344938618914661,0.748296693390423
0.149974502327632,0.0791489830514868,-2.70610596929195,-1.33691041676468,-0.743538117816773,-1.25145131658837
2.72808433653933,-0.2289825353807,-1.28607011701183,2.33927005978385,-0.738890449189128,1.59251639146985
